,Instrument,GICS Sector Name
0,BCC.N,Industrials
1,ASPS.OQ,Real Estate
2,CIT.N,Financials
3,MSCI.N,Financials
4,FIS.N,Information Technology
5,FMNB.OQ,Financials
6,HSC.N,Industrials
7,KALV.OQ,Health Care
8,DRNA.OQ,Health Care
9,NERV.OQ,Health Care
10,PLYM.N,Real Estate
11,EEX.N,Communication Services
12,JBSS.OQ,Consumer Staples
13,AMC.N,Communication Services
14,AVYA.N,Information Technology
15,COLB.OQ,Financials
16,ALRM.OQ,Information Technology
17,ATLO.OQ,Financials
18,SAM.N,Consumer Staples
19,ACCD.OQ,Health Care
20,IRTC.OQ,Health Care
21,IIN.OQ,Health Care
22,EXC.OQ,Utilities
23,SYX.N,Industrials
24,AAOI.OQ,Information Technology
25,EXTN.N,Energy
26,EFX.N,Industrials
27,ORIC.OQ,Health Care
28,CVET.OQ,Health Care
29,CXW.N,Industrials
30,TRN.N,Industrials
31,NTST.N,Real Estate
32,KNL.N,Industrials
33,MGTX.OQ,Health Care
34,GALT.OQ,Health Care
35,AXTI.OQ,Information Technology
36,ROL.N,Industrials
37,CNNE.N,Financials
38,AOS.N,Industrials
39,EEFT.OQ,Information Technology
40,DKS.N,Consumer Discretionary
41,IAC.OQ,Communication Services
42,CVX.N,Energy
43,PACK.N,Materials
44,ENS.N,Industrials
45,BANF.OQ,Financials
46,GAN.OQ,Consumer Discretionary
47,AGCO.N,Industrials
48,DK.N,Energy
49,HPE.N,Information Technology
50,PNC.N,Financials
51,PFBC.OQ,Financials
52,XPEL.OQ,Consumer Discretionary
53,KRNY.OQ,Financials
54,SUI.N,Real Estate
55,TSLA.OQ,Consumer Discretionary
56,CDAY.N,Information Technology
57,CLBK.OQ,Financials
58,CBB.N,Communication Services
59,FCAP.OQ,Financials
60,WRE.N,Real Estate
61,CDNS.OQ,Information Technology
62,KEY.N,Financials
63,RYAM.N,Materials
64,SILK.OQ,Health Care
65,INOV.OQ,Health Care
66,NRIM.OQ,Financials
67,LIND.OQ,Consumer Discretionary
68,SELB.OQ,Health Care
69,LULU.OQ,Consumer Discretionary
70,CDNA.OQ,Health Care
71,MAS.N,Industrials
72,OPI.OQ,Real Estate
73,UMBF.OQ,Financials
74,MSGE.N,Communication Services
75,UVE.N,Financials
76,MIK.OQ,Consumer Discretionary
77,PD.N,Information Technology
78,CHCT.N,Real Estate
79,SHEN.OQ,Communication Services
80,EAR.OQ,Health Care
81,CTSH.OQ,Information Technology
82,MODV.OQ,Health Care
83,PZN.N,Financials
84,PRDO.OQ,Consumer Discretionary
85,ADNT.N,Consumer Discretionary
86,YETI.N,Consumer Discretionary
87,APH.N,Information Technology
88,CINF.OQ,Financials
89,TGNA.N,Communication Services
90,ABR.N,Financials
91,HSY.N,Consumer Staples
92,SVMK.OQ,Information Technology
93,CRBP.OQ,Health Care
94,ALGN.OQ,Health Care
95,GEO.N,Real Estate
96,PFC.OQ,Financials
97,TTEK.OQ,Industrials
98,WNC.N,Industrials
99,EGLE.OQ,Industrials
100,RBCAA.OQ,Financials
101,EPRT.N,Real Estate
102,SWX.N,Utilities
103,CTMX.OQ,Health Care
104,OI.N,Materials
105,RM.N,Financials
106,VVNT.N,Consumer Discretionary
107,ONTO.N,Information Technology
108,NAT.N,Energy
109,PLRX.OQ,Health Care
110,PRA.N,Financials
111,WRK.N,Materials
112,LENb.N,Consumer Discretionary
113,PODD.OQ,Health Care
114,WPC.N,Real Estate
115,FLO.N,Consumer Staples
116,BCOR.OQ,Financials
117,MSTR.OQ,Information Technology
118,LBRDK.OQ,Communication Services
119,LESL.OQ,Consumer Discretionary
120,DAL.N,Industrials
121,DD.N,Materials
122,QRVO.OQ,Information Technology
123,SWCH.N,Information Technology
124,CVI.N,Energy
125,IMMR.OQ,Information Technology
126,CDXC.OQ,Health Care
127,SPB.N,Consumer Staples
128,SAIC.N,Information Technology
129,CHCO.OQ,Financials
130,GLT.N,Materials
131,TSN.N,Consumer Staples
132,CWCO.OQ,Utilities
133,PASG.OQ,Health Care
134,APLT.OQ,Health Care
135,FFWM.OQ,Financials
136,AMSC.OQ,Industrials
137,SIEB.OQ,Financials
138,TDS.N,Communication Services
139,RLGT.A,Industrials
140,HGV.N,Consumer Discretionary
141,NARI.OQ,Health Care
142,PINC.OQ,Health Care
143,CALM.OQ,Consumer Staples
144,STT.N,Financials
145,CTT.N,Real Estate
146,CERS.OQ,Health Care
147,MSGN.N,Communication Services
148,ALRS.OQ,Financials
149,GATX.N,Industrials
150,KNSL.OQ,Financials
151,MOV.N,Consumer Discretionary
152,CTVA.N,Materials
153,JPM.N,Financials
154,HBMD.OQ,Financials
155,REZI.N,Industrials
156,CREE.OQ,Information Technology
157,TNAV.OQ,Information Technology
158,GOLF.N,Consumer Discretionary
159,KOP.N,Materials
160,CF.N,Materials
161,APT.A,Industrials
162,FPRX.OQ,Health Care
163,CLF.N,Materials
164,VHC.N,Information Technology
165,FICO.N,Information Technology
166,RL.N,Consumer Discretionary
167,POWL.OQ,Industrials
168,FLS.N,Industrials
169,CNO.N,Financials
170,ALSN.N,Industrials
171,LIN.N,Materials
172,ALE.N,Utilities
173,EXPI.OQ,Real Estate
174,GEFb.N,Materials
175,ATRS.OQ,Health Care
176,SSP.OQ,Communication Services
177,IBKR.OQ,Financials
178,REX.N,Energy
179,ASB.N,Financials
180,GGG.N,Industrials
181,MCFE.OQ,Information Technology
182,PLAN.N,Information Technology
183,CCF.A,Materials
184,CBU.N,Financials
185,TBBK.OQ,Financials
186,HD.N,Consumer Discretionary
187,WOR.N,Materials
188,CRM.N,Information Technology
189,IMVT.OQ,Health Care
190,HR.N,Real Estate
191,BANR.OQ,Financials
192,SYRS.OQ,Health Care
193,CLDT.N,Real Estate
194,FIVE.OQ,Consumer Discretionary
195,UPS.N,Industrials
196,CBZ.N,Industrials
197,NCNO.OQ,Information Technology
198,COLD.N,Real Estate
199,OMI.N,Health Care
200,PHAT.OQ,Health Care
201,SPGI.N,Financials
202,BGCP.OQ,Financials
203,CVBF.OQ,Financials
204,HWC.OQ,Financials
205,HOME.N,Consumer Discretionary
206,MSI.N,Information Technology
207,DSKE.OQ,Industrials
208,BWXT.N,Industrials
209,GRTS.OQ,Health Care
210,PLCE.OQ,Consumer Discretionary
211,ACNB.OQ,Financials
212,SYBT.OQ,Financials
213,QUOT.N,Consumer Discretionary
214,CORR.N,Real Estate
215,FND.N,Consumer Discretionary
216,ST.N,Industrials
217,GES.N,Consumer Discretionary
218,XYL.N,Industrials
219,VLO.N,Energy
220,AMP.N,Financials
221,AMH.N,Real Estate
222,MASI.OQ,Health Care
223,SMMF.OQ,Financials
224,SBSI.OQ,Financials
225,MNSB.OQ,Financials
226,PG.N,Consumer Staples
227,ARRY.OQ,Industrials
228,AFIB.OQ,Health Care
229,XEL.OQ,Utilities
230,ENR.N,Consumer Staples
231,SBRA.OQ,Real Estate
232,ACRX.OQ,Health Care
233,ABT.N,Health Care
234,WYND.N,Consumer Discretionary
235,NAVI.OQ,Financials
236,CFX.N,Industrials
237,LOVE.OQ,Consumer Discretionary
238,AMPH.OQ,Health Care
239,EDIT.OQ,Health Care
240,FBP.N,Financials
241,ARA.N^A21,Health Care
242,ATSG.OQ,Industrials
243,PATK.OQ,Consumer Discretionary
244,TIF.N^A21,
245,HIW.N,Real Estate
246,RVMD.OQ,Health Care
247,TAP.N,Consumer Staples
248,RRBI.OQ,Financials
249,HUN.N,Materials
250,ARNA.OQ,Health Care
251,WETF.OQ,Financials
252,DPZ.N,Consumer Discretionary
253,AVT.OQ,Information Technology
254,PRAX.OQ,Health Care
255,FOR.N,Real Estate
256,JNCE.OQ,Health Care
257,LGND.OQ,Health Care
258,NPO.N,Industrials
259,MDB.OQ,Information Technology
260,EFC.N,Financials
261,ENSG.OQ,Health Care
262,GVA.N,Industrials
263,WELL.N,Real Estate
264,PAR.N,Information Technology
265,RPT.N,Real Estate
266,ACIW.OQ,Information Technology
267,INSP.N,Health Care
268,OGE.N,Utilities
269,RUTH.OQ,Consumer Discretionary
270,ATEN.N,Information Technology
271,HSIC.OQ,Health Care
272,DLX.N,Industrials
273,FRBK.OQ,Financials
274,RC.N,Financials
275,MAC.N,Real Estate
276,SRC.N,Real Estate
277,NL.N,Industrials
278,ASPN.N,Energy
279,ALLY.N,Financials
280,HLNE.OQ,Financials
281,MTOR.N,Industrials
282,STOK.OQ,Health Care
283,ODP.OQ,Consumer Discretionary
284,AVTR.N,Health Care
285,HON.N,Industrials
286,DOMO.OQ,Information Technology
287,SIEN.OQ,Health Care
288,SBT.OQ,Financials
289,GENC.OQ,Industrials
290,COR.N,Real Estate
291,SLG.N,Real Estate
292,CHMA.OQ,Health Care
293,GPX.N,Industrials
294,FDBC.OQ,Financials
295,RBB.OQ,Financials
296,AQUA.N,Industrials
297,RLMD.OQ,Health Care
298,VBTX.OQ,Financials
299,VRSK.OQ,Industrials
300,ASPU.OQ,Consumer Discretionary
301,PVBC.OQ,Financials
302,DECK.N,Consumer Discretionary
303,PLAY.OQ,Consumer Discretionary
304,AHH.N,Real Estate
305,RUSHB.OQ,Industrials
306,LII.N,Industrials
307,BIIB.OQ,Health Care
308,MGY.N,Energy
309,MIC.N,Industrials
310,BLI.OQ,Health Care
311,SIX.N,Consumer Discretionary
312,KMT.N,Industrials
313,ORLY.OQ,Consumer Discretionary
314,ODT.OQ,Health Care
315,DBX.OQ,Information Technology
316,KWR.N,Materials
317,LLNW.OQ,Information Technology
318,LMNR.OQ,Consumer Staples
319,STBA.OQ,Financials
320,MUSA.N,Consumer Discretionary
321,OSBC.OQ,Financials
322,JCI.N,Industrials
323,ULTA.OQ,Consumer Discretionary
324,ICAD.OQ,Health Care
325,AME.N,Industrials
326,OLP.N,Real Estate
327,NTLA.OQ,Health Care
328,MGNI.OQ,Consumer Discretionary
329,SP.OQ,Industrials
330,USM.N,Communication Services
331,SFST.OQ,Financials
332,AIN.N,Industrials
333,THRM.OQ,Consumer Discretionary
334,AIZ.N,Financials
335,SMTC.OQ,Information Technology
336,PFGC.N,Consumer Staples
337,NMRK.OQ,Real Estate
338,WMK.N,Consumer Staples
339,CMS.N,Utilities
340,AWK.N,Utilities
341,CRDa.N,Financials
342,WTRG.N,Utilities
343,SGRY.OQ,Health Care
344,UNM.N,Financials
345,TSC.OQ,Financials
346,REPL.OQ,Health Care
347,SCL.N,Materials
348,NOW.N,Information Technology
349,EVRI.N,Consumer Discretionary
350,VCEL.OQ,Health Care
351,FOCS.OQ,Financials
352,CSGP.OQ,Industrials
353,LILA.OQ,Communication Services
354,TH.OQ,Consumer Discretionary
355,AEP.OQ,Utilities
356,AXDX.OQ,Health Care
357,NMIH.OQ,Financials
358,XBIT.OQ,Health Care
359,LRN.N,Consumer Discretionary
360,DLTR.OQ,Consumer Discretionary
361,NPK.N,Industrials
362,CNA.N,Financials
363,SAVA.OQ,Health Care
364,SVRA.OQ,Health Care
365,NTNX.OQ,Information Technology
366,FF.N,Materials
367,NOC.N,Industrials
368,CC.N,Materials
369,PCB.OQ,Financials
370,LNC.N,Financials
371,TCMD.OQ,Health Care
372,CAG.N,Consumer Staples
373,SYK.N,Health Care
374,SXC.N,Materials
375,UAA.N,Consumer Discretionary
376,RRC.N,Energy
377,MANT.OQ,Information Technology
378,ESS.N,Real Estate
379,IR.N,Industrials
380,CODX.OQ,Health Care
381,NFBK.OQ,Financials
382,CSOD.OQ,Information Technology
383,VNO.N,Real Estate
384,SO.N,Utilities
385,VCYT.OQ,Health Care
386,FSLR.OQ,Information Technology
387,AXGN.OQ,Health Care
388,FATE.OQ,Health Care
389,OLN.N,Materials
390,GRUB.N,Consumer Discretionary
391,TR.N,Consumer Staples
392,JELD.N,Industrials
393,SBUX.OQ,Consumer Discretionary
394,CRNC.OQ,Information Technology
395,CLPR.N,Real Estate
396,VXRT.OQ,Health Care
397,XOM.N,Energy
398,ESGC.N,Communication Services
399,GTES.N,Industrials
400,VOYA.N,Financials
401,FLDM.OQ,Health Care
402,STRS.OQ,Real Estate
403,RIGL.OQ,Health Care
404,UAL.OQ,Industrials
405,KHC.OQ,Consumer Staples
406,DZSI.OQ,Information Technology
407,CIX.A,Industrials
408,BLFS.OQ,Health Care
409,GERN.OQ,Health Care
410,JBLU.OQ,Industrials
411,GBCI.OQ,Financials
412,AVNT.N,Materials
413,CSTL.OQ,Health Care
414,ZEUS.OQ,Materials
415,RRR.OQ,Consumer Discretionary
416,AKBA.OQ,Health Care
417,LTC.N,Real Estate
418,CALA.OQ,Health Care
419,ENDP.OQ,Health Care
420,AEO.N,Consumer Discretionary
421,TTMI.OQ,Information Technology
422,AMRC.N,Industrials
423,VSAT.OQ,Information Technology
424,HMHC.OQ,Consumer Discretionary
425,PFPT.OQ,Information Technology
426,BLDR.OQ,Industrials
427,MLR.N,Industrials
428,UBER.N,Industrials
429,DIOD.OQ,Information Technology
430,PWR.N,Industrials
431,AMSF.OQ,Financials
432,HHC.N,Real Estate
433,KAR.N,Industrials
434,AIT.N,Industrials
435,TPC.N,Industrials
436,ARAY.OQ,Health Care
437,EAT.N,Consumer Discretionary
438,AN.N,Consumer Discretionary
439,LYTS.OQ,Industrials
440,SAMG.OQ,Financials
441,NVT.N,Industrials
442,WOW.N,Communication Services
443,BMI.N,Information Technology
444,AMT.N,Real Estate
445,DDOG.OQ,Information Technology
446,ALLE.N,Industrials
447,LB.N,Consumer Discretionary
448,CHEF.OQ,Consumer Staples
449,SB.N,Industrials
450,D.N,Utilities
451,HL.N,Materials
452,CSX.OQ,Industrials
453,FITB.OQ,Financials
454,GOSS.OQ,Health Care
455,CHMG.OQ,Financials
456,VYNE.OQ,Health Care
457,SNBR.OQ,Consumer Discretionary
458,FLR.N,Industrials
459,AL.N,Industrials
460,LCNB.OQ,Financials
461,PKBK.OQ,Financials
462,CASH.OQ,Financials
463,HSKA.OQ,Health Care
464,RSG.N,Industrials
465,PACB.OQ,Health Care
466,SSTK.N,Consumer Discretionary
467,TRU.N,Industrials
468,EB.N,Communication Services
469,UMH.N,Real Estate
470,TGTX.OQ,Health Care
471,TDG.N,Industrials
472,ODC.N,Consumer Staples
473,MESA.OQ,Industrials
474,KMI.N,Energy
475,ROK.N,Industrials
476,VZ.N,Communication Services
477,VRTU.OQ,Information Technology
478,BFS.N,Real Estate
479,EGRX.OQ,Health Care
480,SGH.OQ,Information Technology
481,PAHC.OQ,Health Care
482,AIMC.OQ,Industrials
483,PII.N,Consumer Discretionary
484,HFWA.OQ,Financials
485,EML.OQ,Industrials
486,TSBK.OQ,Financials
487,IRT.N,Real Estate
488,ATRC.OQ,Health Care
489,SIGI.OQ,Financials
490,SAIL.N,Information Technology
491,MTH.N,Consumer Discretionary
492,XPO.N,Industrials
493,PPD.OQ,Health Care
494,ISRG.OQ,Health Care
495,TYME.OQ,Health Care
496,CHH.N,Consumer Discretionary
497,CDLX.OQ,Communication Services
498,NLS.N,Consumer Discretionary
499,PMVP.OQ,Health Care
500,HST.OQ,Real Estate
501,PAG.N,Consumer Discretionary
502,BFb.N,Consumer Staples
503,PRTS.OQ,Consumer Discretionary
504,WVE.OQ,Health Care
505,ESSA.OQ,Financials
506,LNTH.OQ,Health Care
507,STRO.OQ,Health Care
508,NATI.OQ,Information Technology
509,RLI.N,Financials
510,FSP.A,Real Estate
511,TWO.N,Financials
512,PFG.OQ,Financials
513,CHUY.OQ,Consumer Discretionary
514,FCFS.OQ,Financials
515,EQH.N,Financials
516,OVV.N,Energy
517,COMM.OQ,Information Technology
518,FMAO.OQ,Financials
519,TISI.N,Industrials
520,ZTS.N,Health Care
521,HII.N,Industrials
522,ARMK.N,Consumer Discretionary
523,LPLA.OQ,Financials
524,LMAT.OQ,Health Care
525,KYMR.OQ,Health Care
526,ASH.N,Materials
527,AKAM.OQ,Information Technology
528,KAI.N,Industrials
529,CTRN.OQ,Consumer Discretionary
530,ASTE.OQ,Industrials
531,AMCR.N,Materials
532,CHS.N,Consumer Discretionary
533,EGBN.OQ,Financials
534,PLNT.N,Consumer Discretionary
535,GCP.N,Materials
536,PIPR.N,Financials
537,RCL.N,Consumer Discretionary
538,TRNS.OQ,Industrials
539,ECL.N,Materials
540,AZEK.N,Industrials
541,SEM.N,Health Care
542,DOCU.OQ,Information Technology
543,AMD.OQ,Information Technology
544,OPY.N,Financials
545,TPX.N,Consumer Discretionary
546,VMI.N,Industrials
547,MC.N,Financials
548,HRL.N,Consumer Staples
549,FCNCA.OQ,Financials
550,WBA.OQ,Consumer Staples
551,MRTX.OQ,Health Care
552,DFS.N,Financials
553,YUM.N,Consumer Discretionary
554,TJX.N,Consumer Discretionary
555,SCVL.OQ,Consumer Discretionary
556,DVA.N,Health Care
557,SALT.N,Industrials
558,DBD.N,Information Technology
559,ADC.N,Real Estate
560,SEAS.N,Consumer Discretionary
561,PING.N,Information Technology
562,ENZ.N,Health Care
563,OFLX.OQ,Industrials
564,BMTC.OQ,Financials
565,ADP.OQ,Information Technology
566,AXS.N,Financials
567,SCI.N,Consumer Discretionary
568,ENTG.OQ,Information Technology
569,CDE.N,Materials
570,EXPO.OQ,Industrials
571,APLS.OQ,Health Care
572,NVTA.N,Health Care
573,OFG.N,Financials
574,NUE.N,Materials
575,ZNTL.OQ,Health Care
576,RGR.N,Consumer Discretionary
577,PH.N,Industrials
578,TROX.N,Materials
579,FCBP.OQ,Financials
580,EPC.N,Consumer Staples
581,VMD.OQ,Health Care
582,MED.N,Consumer Staples
583,MLM.N,Materials
584,SPWR.OQ,Information Technology
585,BWA.N,Consumer Discretionary
586,GIS.N,Consumer Staples
587,EBS.N,Health Care
588,NTAP.OQ,Information Technology
589,HEAR.OQ,Consumer Discretionary
590,STFC.OQ,Financials
591,FDS.N,Financials
592,LOB.OQ,Financials
593,MTB.N,Financials
594,NBEV.OQ,Consumer Staples
595,FOX.OQ,Communication Services
596,AJG.N,Financials
597,ORI.N,Financials
598,SEAC.OQ,Information Technology
599,AAL.OQ,Industrials
600,KDNY.OQ,Health Care
601,NCMI.OQ,Communication Services
602,LAWS.OQ,Industrials
603,UFPI.OQ,Industrials
604,PIRS.OQ,Health Care
605,APG.N,Industrials
606,SCOR.OQ,Communication Services
607,VG.OQ,Communication Services
608,AAWW.OQ,Industrials
609,CRY.N,Health Care
610,HTLD.OQ,Industrials
611,NDAQ.OQ,Financials
612,AMNB.OQ,Financials
613,CCXI.OQ,Health Care
614,JACK.OQ,Consumer Discretionary
615,QGEN.N,Health Care
616,CIO.N,Real Estate
617,SGMS.OQ,Consumer Discretionary
618,AMSWA.OQ,Information Technology
619,PXD.N,Energy
620,RMR.OQ,Real Estate
621,CMA.N,Financials
622,LUMN.N,Communication Services
623,FLGT.OQ,Health Care
624,KMX.N,Consumer Discretionary
625,TBI.N,Industrials
626,EME.N,Industrials
627,BHVN.N,Health Care
628,RVSB.OQ,Financials
629,GLNG.OQ,Energy
630,KPTI.OQ,Health Care
631,PKOH.OQ,Industrials
632,PGRE.N,Real Estate
633,FLIR.OQ,Information Technology
634,MSA.N,Industrials
635,QCOM.OQ,Information Technology
636,NEWR.N,Information Technology
637,UBA.N,Real Estate
638,SOI.N,Energy
639,CFFI.OQ,Financials
640,OLED.OQ,Information Technology
641,ACM.N,Industrials
642,NYMT.OQ,Financials
643,APOG.OQ,Industrials
644,AJRD.N,Industrials
645,LBRDA.OQ,Communication Services
646,NFLX.OQ,Communication Services
647,HUBB.N,Industrials
648,OPCH.OQ,Health Care
649,USB.N,Financials
650,OPRT.OQ,Financials
651,GPC.N,Consumer Discretionary
652,HA.OQ,Industrials
653,GOOGL.OQ,Communication Services
654,LDL.N,Industrials
655,INTC.OQ,Information Technology
656,EQC.N,Real Estate
657,TRMB.OQ,Information Technology
658,MCD.N,Consumer Discretionary
659,WTS.N,Industrials
660,CATC.OQ,Financials
661,ACI.N,Consumer Staples
662,ZNGA.OQ,Communication Services
663,CIM.N,Financials
664,ECHO.OQ,Industrials
665,CFR.N,Financials
666,UNIT.OQ,Real Estate
667,RDN.N,Financials
668,WRLD.OQ,Financials
669,RPAI.N,Real Estate
670,RUBY.OQ,Health Care
671,RLJ.N,Real Estate
672,INZY.OQ,Health Care
673,ADI.OQ,Information Technology
674,RYN.N,Real Estate
675,EXTR.OQ,Information Technology
676,AGM.N,Financials
677,ICFI.OQ,Industrials
678,MKTX.OQ,Financials
679,AVA.N,Utilities
680,WRB.N,Financials
681,MRNA.OQ,Health Care
682,ATEX.OQ,Communication Services
683,SWBI.OQ,Consumer Discretionary
684,ESXB.OQ,Financials
685,THFF.OQ,Financials
686,IBOC.OQ,Financials
687,PSX.N,Energy
688,RESI.N^A21,Real Estate
689,AMN.N,Health Care
690,WERN.OQ,Industrials
691,VRTS.OQ,Financials
692,PCRX.OQ,Health Care
693,OVLY.OQ,Financials
694,BYND.OQ,Consumer Staples
695,FIZZ.OQ,Consumer Staples
696,NWL.OQ,Consumer Discretionary
697,ROCK.OQ,Industrials
698,SNX.N,Information Technology
699,T.N,Communication Services
700,CRVL.OQ,Health Care
701,FGBI.OQ,Financials
702,NK.OQ,Health Care
703,BLL.N,Materials
704,AOUT.OQ,Consumer Discretionary
705,TMO.N,Health Care
706,OM.OQ,Health Care
707,LUV.N,Industrials
708,SAFE.N,Real Estate
709,CNS.N,Financials
710,MSGS.N,Communication Services
711,ZG.OQ,Communication Services
712,CAL.N,Consumer Discretionary
713,TEX.N,Industrials
714,TGT.N,Consumer Discretionary
715,YEXT.N,Information Technology
716,GME.N,Consumer Discretionary
717,IRBT.OQ,Consumer Discretionary
718,RNG.N,Information Technology
719,OSTK.OQ,Consumer Discretionary
720,WHR.N,Consumer Discretionary
721,MTCH.OQ,Communication Services
722,BATRA.OQ,Communication Services
723,GBL.N,Financials
724,HBAN.OQ,Financials
725,GSHD.OQ,Financials
726,RILY.OQ,Financials
727,CROX.OQ,Consumer Discretionary
728,PLT.N,Information Technology
729,ESGR.OQ,Financials
730,STAR.N,Real Estate
731,BRG.A,Real Estate
732,VICI.N,Real Estate
733,RBNC.OQ,Financials
734,AAPL.OQ,Information Technology
735,BMTX.A,Information Technology
736,ALKS.OQ,Health Care
737,VST.N,Utilities
738,MLP.N,Real Estate
739,ECOL.OQ,Industrials
740,CI.N,Health Care
741,OSH.N,Health Care
742,CLR.N,Energy
743,NX.N,Industrials
744,STTK.OQ,Health Care
745,HT.N,Real Estate
746,FCBC.OQ,Financials
747,MITK.OQ,Information Technology
748,AMK.N,Financials
749,EVI.A,Industrials
750,CCK.N,Materials
751,AROC.N,Energy
752,OMF.N,Financials
753,ARCH.N,Energy
754,WMS.N,Industrials
755,GOGO.OQ,Communication Services
756,APPF.OQ,Information Technology
757,TRST.OQ,Financials
758,PSNL.OQ,Health Care
759,BRKS.OQ,Information Technology
760,SRNE.OQ,Health Care
761,ANH.N,Financials
762,SLCA.N,Energy
763,QTS.N,Real Estate
764,VRCA.OQ,Health Care
765,HLIO.OQ,Industrials
766,CNTY.OQ,Consumer Discretionary
767,MCK.N,Health Care
768,OPTN.OQ,Health Care
769,HBI.N,Consumer Discretionary
770,ICHR.OQ,Information Technology
771,ABCB.OQ,Financials
772,CBTX.OQ,Financials
773,EZPW.OQ,Financials
774,AVNS.N,Health Care
775,ISBC.OQ,Financials
776,CVS.N,Health Care
777,PRSP.N,Information Technology
778,CLNC.N,Financials
779,GBX.N,Industrials
780,MEDP.OQ,Health Care
781,CBAY.OQ,Health Care
782,BHF.OQ,Financials
783,OC.N,Industrials
784,LMNX.OQ,Health Care
785,OYST.OQ,Health Care
786,CFG.N,Financials
787,NBHC.N,Financials
788,INSG.OQ,Information Technology
789,MSBI.OQ,Financials
790,ARCB.OQ,Industrials
791,SFL.N,Energy
792,EVR.N,Financials
793,MKSI.OQ,Information Technology
794,IOVA.OQ,Health Care
795,BEAT.OQ,Health Care
796,WHG.N,Financials
797,WLL.N,Energy
798,PBYI.OQ,Health Care
799,ODFL.OQ,Industrials
800,GPK.N,Materials
801,DENN.OQ,Consumer Discretionary
802,EVRG.N,Utilities
803,SRDX.OQ,Health Care
804,ATEC.OQ,Health Care
805,TALO.N,Energy
806,DTIL.OQ,Health Care
807,BCPC.OQ,Materials
808,LNSR.OQ,Health Care
809,OSPN.OQ,Information Technology
810,ADTN.OQ,Information Technology
811,MBIN.OQ,Financials
812,GLYC.OQ,Health Care
813,ACC.N,Real Estate
814,NEOG.OQ,Health Care
815,MYE.N,Materials
816,IDYA.OQ,Health Care
817,ROST.OQ,Consumer Discretionary
818,PRFT.OQ,Information Technology
819,CURO.N,Financials
820,CCMP.OQ,Information Technology
821,ARCT.OQ,Health Care
822,CNXN.OQ,Information Technology
823,AMGN.OQ,Health Care
824,EVBN.A,Financials
825,LEA.N,Consumer Discretionary
826,BRKR.OQ,Health Care
827,CASY.OQ,Consumer Staples
828,NWSA.OQ,Communication Services
829,SPXC.N,Industrials
830,DHR.N,Health Care
831,WDR.N,Financials
832,BCOV.OQ,Information Technology
833,GHC.N,Consumer Discretionary
834,WSR.N,Real Estate
835,CXP.N,Real Estate
836,CG.OQ,Financials
837,AGX.N,Industrials
838,CWH.N,Consumer Discretionary
839,SASR.OQ,Financials
840,FISV.OQ,Information Technology
841,XPER.OQ,Information Technology
842,ESI.N,Materials
843,HAL.N,Energy
844,VKTX.OQ,Health Care
845,HEIa.N,Industrials
846,ULH.OQ,Industrials
847,UA.N,Consumer Discretionary
848,LAD.N,Consumer Discretionary
849,FCN.N,Industrials
850,PDLB.OQ,Financials
851,FORM.OQ,Information Technology
852,BIG.N,Consumer Discretionary
853,JJSF.OQ,Consumer Staples
854,HOG.N,Consumer Discretionary
855,MGEE.OQ,Utilities
856,CLH.N,Industrials
857,CRI.N,Consumer Discretionary
858,CALX.N,Information Technology
859,NTGR.OQ,Information Technology
860,CFFN.OQ,Financials
861,NP.N,Materials
862,STMP.OQ,Consumer Discretionary
863,TCRR.OQ,Health Care
864,NXTC.OQ,Health Care
865,MDLA.N,Information Technology
866,SPLK.OQ,Information Technology
867,GRA.N,Materials
868,SYNA.OQ,Information Technology
869,BURL.N,Consumer Discretionary
870,CYH.N,Health Care
871,PACW.OQ,Financials
872,TRGP.N,Energy
873,SWN.N,Energy
874,MCHP.OQ,Information Technology
875,WKHS.OQ,Consumer Discretionary
876,BBIO.OQ,Health Care
877,DE.N,Industrials
878,GLRE.OQ,Financials
879,CIVB.OQ,Financials
880,AIV.N,Real Estate
881,LMND.N,Financials
882,UBSI.OQ,Financials
883,BCML.OQ,Financials
884,HAFC.OQ,Financials
885,XRAY.OQ,Health Care
886,PRGO.N,Health Care
887,IFF.N,Materials
888,TCBI.OQ,Financials
889,RPAY.OQ,Information Technology
890,ABMD.OQ,Health Care
891,ESTC.N,Information Technology
892,OXY.N,Energy
893,HBB.N,Consumer Discretionary
894,PCH.OQ,Real Estate
895,ONEM.OQ,Health Care
896,NKE.N,Consumer Discretionary
897,BV.N,Industrials
898,GRPN.OQ,Consumer Discretionary
899,SMCI.OQ,Information Technology
900,TCX.OQ,Information Technology
901,JNJ.N,Health Care
902,BUSE.OQ,Financials
903,EGHT.N,Information Technology
904,TMUS.OQ,Communication Services
905,MOFG.OQ,Financials
906,FBK.N,Financials
907,USNA.N,Consumer Staples
908,REVG.N,Industrials
909,AVD.N,Materials
910,WTI.N,Energy
911,KROS.OQ,Health Care
912,ZYXI.OQ,Health Care
913,BG.N,Consumer Staples
914,MTW.N,Industrials
915,LH.N,Health Care
916,CZR.OQ,Consumer Discretionary
917,NBR.N,Energy
918,VVI.N,Industrials
919,AROW.OQ,Financials
920,CASA.OQ,Information Technology
921,BPRN.OQ,Financials
922,PEAK.N,Real Estate
923,QTNT.OQ,Health Care
924,ARLO.N,Information Technology
925,GMS.N,Industrials
926,CAC.OQ,Financials
927,BPMC.OQ,Health Care
928,SHO.N,Real Estate
929,VRNT.OQ,Information Technology
930,ALGT.OQ,Industrials
931,VRS.N,Materials
932,NVAX.OQ,Health Care
933,PHR.N,Health Care
934,ATH.N,Financials
935,III.OQ,Information Technology
936,EV.N,Financials
937,NEX.N,Energy
938,IRWD.OQ,Health Care
939,SFM.OQ,Consumer Staples
940,KRON.OQ,Health Care
941,PRAA.OQ,Financials
942,SPFI.OQ,Financials
943,LYB.N,Materials
944,RAPT.OQ,Health Care
945,MEIP.OQ,Health Care
946,UEIC.OQ,Consumer Discretionary
947,MBIO.OQ,Health Care
948,GPS.N,Consumer Discretionary
949,BRT.N,Real Estate
950,VIE.OQ,Health Care
951,ACTG.OQ,Industrials
952,PCG.N,Utilities
953,CNBKA.OQ,Financials
954,INS.A,Information Technology
955,SPWH.OQ,Consumer Discretionary
956,CLAR.OQ,Consumer Discretionary
957,PFE.N,Health Care
958,ALTR.OQ,Information Technology
959,GLUU.OQ,Communication Services
960,AMED.OQ,Health Care
961,FNF.N,Financials
962,EHC.N,Health Care
963,KALU.OQ,Materials
964,WLFC.OQ,Industrials
965,NWPX.OQ,Industrials
966,PSA.N,Real Estate
967,KTB.N,Consumer Discretionary
968,CLNY.N,Real Estate
969,STAA.OQ,Health Care
970,ENTA.OQ,Health Care
971,NVRO.N,Health Care
972,HNI.N,Industrials
973,SRGA.OQ,Health Care
974,XNCR.OQ,Health Care
975,ATNX.OQ,Health Care
976,DIN.N,Consumer Discretionary
977,ABBV.N,Health Care
978,FFIV.OQ,Information Technology
979,NRIX.OQ,Health Care
980,PLPC.OQ,Industrials
981,NEM.N,Materials
982,LSXMA.OQ,Communication Services
983,LIVN.OQ,Health Care
984,MYGN.OQ,Health Care
985,HFFG.OQ,Consumer Staples
986,ESTE.N,Energy
987,WTFC.OQ,Financials
988,MG.N,Industrials
989,APPN.OQ,Information Technology
990,FC.N,Industrials
991,SITE.N,Industrials
992,CCOI.OQ,Communication Services
993,KZR.OQ,Health Care
994,MMAC.OQ,Financials
995,VREX.OQ,Health Care
996,XEC.N,Energy
997,CIEN.N,Information Technology
998,FNKO.OQ,Consumer Discretionary
999,NLOK.OQ,Information Technology
1000,BKR.N,Energy
1001,LOPE.OQ,Consumer Discretionary
1002,PSMT.OQ,Consumer Staples
1003,NYCB.N,Financials
1004,SABR.OQ,Information Technology
1005,RNA.OQ,Health Care
1006,HSII.OQ,Industrials
1007,ARD.N,Materials
1008,CVLG.OQ,Industrials
1009,BRMK.N,Financials
1010,VIRT.OQ,Financials
1011,OMER.OQ,Health Care
1012,WSC.OQ,Industrials
1013,PRLD.OQ,Health Care
1014,PKI.N,Health Care
1015,UI.N,Information Technology
1016,PGEN.OQ,Health Care
1017,ZUO.N,Information Technology
1018,YMAB.OQ,Health Care
1019,WM.N,Industrials
1020,NSTG.OQ,Health Care
1021,TRNO.N,Real Estate
1022,APD.N,Materials
1023,PRTA.OQ,Health Care
1024,WIFI.OQ,Communication Services
1025,IEX.N,Industrials
1026,AFMD.OQ,Health Care
1027,CPLG.N,Real Estate
1028,VSEC.OQ,Industrials
1029,DCO.N,Industrials
1030,ITI.OQ,Information Technology
1031,VRSN.OQ,Information Technology
1032,BDSI.OQ,Health Care
1033,OIS.N,Energy
1034,GLOB.N,Information Technology
1035,MRK.N,Health Care
1036,AERI.OQ,Health Care
1037,G.N,Information Technology
1038,BPYU.OQ,Real Estate
1039,MCS.N,Communication Services
1040,SMBK.OQ,Financials
1041,LOCO.OQ,Consumer Discretionary
1042,KEX.N,Industrials
1043,INBK.OQ,Financials
1044,PAYC.N,Information Technology
1045,COHU.OQ,Information Technology
1046,AGS.N,Consumer Discretionary
1047,LEN.N,Consumer Discretionary
1048,CBT.N,Materials
1049,LJPC.OQ,Health Care
1050,IAA.N,Industrials
1051,TCF.OQ,Financials
1052,RMBI.OQ,Financials
1053,MRKR.OQ,Health Care
1054,FCPT.N,Real Estate
1055,CVGW.OQ,Consumer Staples
1056,KOS.N,Energy
1057,MORF.OQ,Health Care
1058,CLDR.N,Information Technology
1059,AVGO.OQ,Information Technology
1060,IPHI.OQ,Information Technology
1061,WYNN.OQ,Consumer Discretionary
1062,CMCT.OQ,Real Estate
1063,CDW.OQ,Information Technology
1064,TTC.N,Industrials
1065,MNR.N,Real Estate
1066,KIN.OQ,Health Care
1067,OMCL.OQ,Health Care
1068,BGSF.N,Industrials
1069,CW.N,Industrials
1070,BSGM.OQ,Health Care
1071,VTOL.N,Energy
1072,HTA.N,Real Estate
1073,ROP.N,Industrials
1074,GO.OQ,Consumer Staples
1075,BEN.N,Financials
1076,FARM.OQ,Consumer Staples
1077,ABC.N,Health Care
1078,LDOS.N,Information Technology
1079,VAR.N,Health Care
1080,SXT.N,Materials
1081,KIM.N,Real Estate
1082,MORN.OQ,Financials
1083,LE.OQ,Consumer Discretionary
1084,HTBI.OQ,Financials
1085,LNN.N,Industrials
1086,DDD.N,Information Technology
1087,ATUS.N,Communication Services
1088,CELH.OQ,Consumer Staples
1089,FMC.N,Materials
1090,APEI.OQ,Consumer Discretionary
1091,GTS.N,Health Care
1092,EVTC.N,Information Technology
1093,SCCO.N,Materials
1094,MHO.N,Consumer Discretionary
1095,SCS.N,Industrials
1096,AZPN.OQ,Information Technology
1097,FULC.OQ,Health Care
1098,BRX.N,Real Estate
1099,COTY.N,Consumer Staples
1100,NODK.OQ,Financials
1101,CHX.OQ,Energy
1102,LYFT.OQ,Industrials
1103,EOLS.OQ,Health Care
1104,CLX.N,Consumer Staples
1105,SEIC.OQ,Financials
1106,UNFI.N,Consumer Staples
1107,LPG.N,Energy
1108,MMC.N,Financials
1109,AVRO.OQ,Health Care
1110,COOP.OQ,Financials
1111,LBRT.N,Energy
1112,FPI.N,Real Estate
1113,ERIE.OQ,Financials
1114,KMPR.N,Financials
1115,AMWL.N,Health Care
1116,BEAM.OQ,Health Care
1117,PRIM.OQ,Industrials
1118,CPA.N,Industrials
1119,SF.N,Financials
1120,CLCT.OQ,Consumer Discretionary
1121,ANAB.OQ,Health Care
1122,DCOM.OQ^A21,Financials
1123,AFIN.OQ,Real Estate
1124,V.N,Information Technology
1125,TTD.OQ,Information Technology
1126,COKE.OQ,Consumer Staples
1127,VIACA.OQ,Communication Services
1128,XLNX.OQ,Information Technology
1129,OUT.N,Real Estate
1130,PAYX.OQ,Information Technology
1131,STE.N,Health Care
1132,BHE.N,Information Technology
1133,TFSL.OQ,Financials
1134,KOD.OQ,Health Care
1135,ALB.N,Materials
1136,AES.N,Utilities
1137,WWD.OQ,Industrials
1138,BXG.N,Consumer Discretionary
1139,HZNP.OQ,Health Care
1140,ARES.N,Financials
1141,UPWK.OQ,Industrials
1142,ARW.N,Information Technology
1143,RPD.OQ,Information Technology
1144,SCHN.OQ,Materials
1145,FIBK.OQ,Financials
1146,BFST.OQ,Financials
1147,PTGX.OQ,Health Care
1148,INFN.OQ,Information Technology
1149,GDEN.OQ,Consumer Discretionary
1150,LKFN.OQ,Financials
1151,BE.N,Industrials
1152,FE.N,Utilities
1153,PFSI.N,Financials
1154,ALXO.OQ,Health Care
1155,BKI.N,Information Technology
1156,PTEN.OQ,Energy
1157,CWENa.N,Utilities
1158,ARWR.OQ,Health Care
1159,TRTX.N,Financials
1160,AVLR.N,Information Technology
1161,CARR.N,Industrials
1162,LQDA.OQ,Health Care
1163,INO.OQ,Health Care
1164,RARE.OQ,Health Care
1165,ABEO.OQ,Health Care
1166,CHE.N,Health Care
1167,ANF.N,Consumer Discretionary
1168,CSWI.OQ,Industrials
1169,VMC.N,Materials
1170,EQT.N,Energy
1171,RYTM.OQ,Health Care
1172,MCFT.OQ,Consumer Discretionary
1173,ATHX.OQ,Health Care
1174,NHI.N,Real Estate
1175,THO.N,Consumer Discretionary
1176,MAXR.N,Industrials
1177,ACN.N,Information Technology
1178,PEN.N,Health Care
1179,SYNH.OQ,Health Care
1180,MDC.N,Consumer Discretionary
1181,PNFP.OQ,Financials
1182,ACHC.OQ,Health Care
1183,HUBS.N,Information Technology
1184,RUN.OQ,Industrials
1185,PNR.N,Industrials
1186,NFG.N,Utilities
1187,UEC.A,Energy
1188,HPP.N,Real Estate
1189,DUK.N,Utilities
1190,LXRX.OQ,Health Care
1191,CAR.OQ,Industrials
1192,KLAC.OQ,Information Technology
1193,DAN.N,Consumer Discretionary
1194,FI.N,Energy
1195,MBI.N,Financials
1196,ED.N,Utilities
1197,CSII.OQ,Health Care
1198,PSB.N,Real Estate
1199,AHCO.OQ,Health Care
1200,CMD.N,Health Care
1201,RLAY.OQ,Health Care
1202,GD.N,Industrials
1203,SVC.OQ,Real Estate
1204,FBM.N^A21,Industrials
1205,AKUS.OQ,Health Care
1206,PEP.OQ,Consumer Staples
1207,OMC.N,Communication Services
1208,VER.N,Real Estate
1209,SRPT.OQ,Health Care
1210,ILMN.OQ,Health Care
1211,GIII.OQ,Consumer Discretionary
1212,GEF.N,Materials
1213,EIX.N,Utilities
1214,GDP.A,Energy
1215,USLM.OQ,Materials
1216,AXSM.OQ,Health Care
1217,JBHT.OQ,Industrials
1218,DRQ.N,Energy
1219,DHIL.OQ,Financials
1220,ZEN.N,Information Technology
1221,NLY.N,Financials
1222,AFL.N,Financials
1223,FRC.N,Financials
1224,LBAI.OQ,Financials
1225,OVBC.OQ,Financials
1226,APO.N,Financials
1227,BILL.N,Information Technology
1228,AGRX.OQ,Health Care
1229,HUBG.OQ,Industrials
1230,ROKU.OQ,Communication Services
1231,ROLL.OQ,Industrials
1232,SSB.OQ,Financials
1233,LSI.N,Real Estate
1234,ABG.N,Consumer Discretionary
1235,IPGP.OQ,Information Technology
1236,APLE.N,Real Estate
1237,APTV.N,Consumer Discretionary
1238,MUR.N,Energy
1239,CTSO.OQ,Health Care
1240,AGR.N,Utilities
1241,GH.OQ,Health Care
1242,REGI.OQ,Energy
1243,CUB.N,Industrials
1244,SCHL.OQ,Communication Services
1245,ALXN.OQ,Health Care
1246,WORK.N,Information Technology
1247,DFIN.N,Financials
1248,LIVX.OQ,Communication Services
1249,RS.N,Materials
1250,FBIO.OQ,Health Care
1251,PBH.N,Health Care
1252,FTDR.OQ,Consumer Discretionary
1253,KALA.OQ,Health Care
1254,MODN.N,Information Technology
1255,ACAD.OQ,Health Care
1256,FNB.N,Financials
1257,JNPR.N,Information Technology
1258,BCBP.OQ,Financials
1259,X.N,Materials
1260,VOXX.OQ,Consumer Discretionary
1261,ALL.N,Financials
1262,MEG.N,Industrials
1263,LNDC.OQ,Consumer Staples
1264,OLLI.OQ,Consumer Discretionary
1265,PTCT.OQ,Health Care
1266,MHK.N,Consumer Discretionary
1267,NVDA.OQ,Information Technology
1268,GCI.N,Communication Services
1269,FCF.N,Financials
1270,TACO.OQ,Consumer Discretionary
1271,BEPC.N,Utilities
1272,FMBH.OQ,Financials
1273,DXC.N,Information Technology
1274,FWRD.OQ,Industrials
1275,MAA.N,Real Estate
1276,SYF.N,Financials
1277,ITW.N,Industrials
1278,WAFD.OQ,Financials
1279,ENVA.N,Financials
1280,NUAN.OQ,Information Technology
1281,MMM.N,Industrials
1282,GT.OQ,Consumer Discretionary
1283,RGLD.OQ,Materials
1284,GKOS.N,Health Care
1285,MPAA.OQ,Consumer Discretionary
1286,VNDA.OQ,Health Care
1287,PDM.N,Real Estate
1288,HE.N,Utilities
1289,AJX.N,Financials
1290,BYD.N,Consumer Discretionary
1291,CSCO.OQ,Information Technology
1292,GPRE.OQ,Energy
1293,NPTN.N,Information Technology
1294,TER.OQ,Information Technology
1295,STWD.N,Financials
1296,VVV.N,Materials
1297,DEA.N,Real Estate
1298,VRTX.OQ,Health Care
1299,ORCL.N,Information Technology
1300,VTR.N,Real Estate
1301,RP.OQ,Information Technology
1302,RFL.N,Real Estate
1303,IRM.N,Real Estate
1304,QADA.OQ,Information Technology
1305,OCFC.OQ,Financials
1306,FFBC.OQ,Financials
1307,REV.N,Consumer Staples
1308,ECOM.N,Information Technology
1309,SPT.OQ,Information Technology
1310,WBS.N,Financials
1311,VCRA.N,Health Care
1312,BMRN.OQ,Health Care
1313,CRTX.OQ,Health Care
1314,TRUE.OQ,Communication Services
1315,AMRS.OQ,Materials
1316,PK.N,Real Estate
1317,KMB.N,Consumer Staples
1318,GL.N,Financials
1319,VITL.OQ,Consumer Staples
1320,PWOD.OQ,Financials
1321,JEF.N,Financials
1322,SBGI.OQ,Communication Services
1323,SITM.OQ,Information Technology
1324,MCO.N,Financials
1325,AIRC.N,Real Estate
1326,ICE.N,Financials
1327,ROIC.OQ,Real Estate
1328,VICR.OQ,Industrials
1329,PRAH.OQ,Health Care
1330,FRPH.OQ,Real Estate
1331,UHAL.OQ,Industrials
1332,PSTG.N,Information Technology
1333,ZUMZ.OQ,Consumer Discretionary
1334,LCUT.OQ,Consumer Discretionary
1335,TXMD.OQ,Health Care
1336,FISI.OQ,Financials
1337,FHB.OQ,Financials
1338,WBT.N,Industrials
1339,MA.N,Information Technology
1340,TNC.N,Industrials
1341,CVNA.N,Consumer Discretionary
1342,NNI.N,Financials
1343,PVH.N,Consumer Discretionary
1344,AXP.N,Financials
1345,RMTI.OQ,Health Care
1346,KSS.N,Consumer Discretionary
1347,SPG.N,Real Estate
1348,PVAC.OQ,Energy
1349,MSM.N,Industrials
1350,ANNX.OQ,Health Care
1351,DISH.OQ,Communication Services
1352,BCEI.N,Energy
1353,NRZ.N,Financials
1354,FBIZ.OQ,Financials
1355,RCII.OQ,Consumer Discretionary
1356,CMCSA.OQ,Communication Services
1357,REAL.OQ,Consumer Discretionary
1358,PZZA.OQ,Consumer Discretionary
1359,MXL.N,Information Technology
1360,LYV.N,Communication Services
1361,GLPI.OQ,Real Estate
1362,SAIA.OQ,Industrials
1363,BOOT.N,Consumer Discretionary
1364,EPM.A,Energy
1365,CYTK.OQ,Health Care
1366,JOUT.OQ,Consumer Discretionary
1367,LEG.N,Consumer Discretionary
1368,CRUS.OQ,Information Technology
1369,PTC.OQ,Information Technology
1370,KSU.N,Industrials
1371,CABO.N,Communication Services
1372,PRO.N,Information Technology
1373,ESCA.OQ,Consumer Discretionary
1374,TBK.OQ,Financials
1375,JYNT.OQ,Health Care
1376,MLAB.OQ,Health Care
1377,FOSL.OQ,Consumer Discretionary
1378,CNSL.OQ,Communication Services
1379,NSA.N,Real Estate
1380,WMT.N,Consumer Staples
1381,SLB.N,Energy
1382,MSON.OQ,Health Care
1383,CVCY.OQ,Financials
1384,PLOW.N,Industrials
1385,ALNY.OQ,Health Care
1386,CMTL.OQ,Information Technology
1387,ATNI.OQ,Communication Services
1388,CUBE.N,Real Estate
1389,UHS.N,Health Care
1390,WDAY.OQ,Information Technology
1391,DISCK.OQ,Communication Services
1392,RRGB.OQ,Consumer Discretionary
1393,DOX.OQ,Information Technology
1394,NEO.OQ,Health Care
1395,FAST.OQ,Industrials
1396,BDX.N,Health Care
1397,WCC.N,Industrials
1398,CATO.N,Consumer Discretionary
1399,ENV.N,Information Technology
1400,MPX.N,Consumer Discretionary
1401,CMCO.OQ,Industrials
1402,EIG.N,Financials
1403,REPH.OQ,Health Care
1404,FMTX.OQ,Health Care
1405,MTZ.N,Industrials
1406,BKE.N,Consumer Discretionary
1407,ELY.N,Consumer Discretionary
1408,NVR.N,Consumer Discretionary
1409,SRCL.OQ,Industrials
1410,CNP.N,Utilities
1411,ALCO.OQ,Consumer Staples
1412,ZIOP.OQ,Health Care
1413,RNST.OQ,Financials
1414,KDMN.OQ,Health Care
1415,UDR.N,Real Estate
1416,UPLD.OQ,Information Technology
1417,FTV.N,Industrials
1418,PENN.OQ,Consumer Discretionary
1419,CYRX.OQ,Health Care
1420,TDW.N,Energy
1421,ADMA.OQ,Health Care
1422,TVTX.OQ,Health Care
1423,LOW.N,Consumer Discretionary
1424,RMAX.N,Real Estate
1425,SPCE.N,Industrials
1426,GS.N,Financials
1427,SR.N,Utilities
1428,BJ.N,Consumer Staples
1429,IRDM.OQ,Communication Services
1430,MAXN.OQ,Information Technology
1431,FBMS.OQ,Financials
1432,LCII.N,Consumer Discretionary
1433,IIPR.N,Real Estate
1434,CDK.OQ,Information Technology
1435,GWB.N,Financials
1436,DXPE.OQ,Industrials
1437,ETRN.N,Energy
1438,NKTX.OQ,Health Care
1439,FFIC.OQ,Financials
1440,CR.N,Industrials
1441,HCSG.OQ,Industrials
1442,OPBK.OQ,Financials
1443,BFa.N,Consumer Staples
1444,UGI.N,Utilities
1445,KRA.N,Materials
1446,WEX.N,Information Technology
1447,AKR.N,Real Estate
1448,ATO.N,Utilities
1449,SBH.N,Consumer Discretionary
1450,UE.N,Real Estate
1451,SC.N,Financials
1452,NJR.N,Utilities
1453,ESQ.OQ,Financials
1454,DNB.N,Industrials
1455,FARO.OQ,Information Technology
1456,OTIS.N,Industrials
1457,NSSC.OQ,Information Technology
1458,NOVA.N,Utilities
1459,LADR.N,Financials
1460,PRU.N,Financials
1461,MFA.N,Financials
1462,PBIP.OQ,Financials
1463,GILD.OQ,Health Care
1464,SGC.OQ,Consumer Discretionary
1465,CNX.N,Energy
1466,EL.N,Consumer Staples
1467,WLTW.OQ,Financials
1468,HRTX.OQ,Health Care
1469,NDSN.OQ,Industrials
1470,HURN.OQ,Industrials
1471,EOG.N,Energy
1472,WNEB.OQ,Financials
1473,FCX.N,Materials
1474,WD.N,Financials
1475,LSXMK.OQ,Communication Services
1476,VSTM.OQ,Health Care
1477,NGM.OQ,Health Care
1478,EBSB.OQ,Financials
1479,XRX.N,Information Technology
1480,PLMR.OQ,Financials
1481,SI.N,Financials
1482,SON.N,Materials
1483,NR.N,Energy
1484,PNTG.OQ,Health Care
1485,POOL.OQ,Consumer Discretionary
1486,TREX.N,Industrials
1487,ADS.N,Information Technology
1488,HNGR.N,Health Care
1489,BRBR.N,Consumer Staples
1490,STL.N,Financials
1491,BGS.N,Consumer Staples
1492,FELE.OQ,Industrials
1493,DSPG.OQ,Information Technology
1494,AMCX.OQ,Communication Services
1495,WST.N,Health Care
1496,BCLI.OQ,Health Care
1497,APAM.N,Financials
1498,ROG.N,Information Technology
1499,HP.N,Energy
1500,MYRG.OQ,Industrials
1501,WSBC.OQ,Financials
1502,AMBA.OQ,Information Technology
1503,ALG.N,Industrials
1504,NXST.OQ,Communication Services
1505,TXT.N,Industrials
1506,EYE.OQ,Consumer Discretionary
1507,BIO.N,Health Care
1508,CWT.N,Utilities
1509,SGA.OQ,Communication Services
1510,CWK.N,Real Estate
1511,EBC.OQ,Financials
1512,NTUS.OQ,Health Care
1513,GNW.N,Financials
1514,DSSI.N,Energy
1515,NNBR.OQ,Industrials
1516,CNXC.OQ,Information Technology
1517,TTGT.OQ,Communication Services
1518,SWI.N,Information Technology
1519,HRC.N,Health Care
1520,LPSN.OQ,Information Technology
1521,AMTB.OQ,Financials
1522,CENT.OQ,Consumer Staples
1523,DLTH.OQ,Consumer Discretionary
1524,TREE.OQ,Financials
1525,TPTX.OQ,Health Care
1526,TPB.N,Consumer Staples
1527,CENX.OQ,Materials
1528,IONS.OQ,Health Care
1529,DGICA.OQ,Financials
1530,OKTA.OQ,Information Technology
1531,WW.OQ,Consumer Discretionary
1532,COUP.OQ,Information Technology
1533,HCI.N,Financials
1534,TWST.OQ,Health Care
1535,MBUU.OQ,Consumer Discretionary
1536,CBMG.OQ,Health Care
1537,AEL.N,Financials
1538,CARE.OQ,Financials
1539,PANW.N,Information Technology
1540,LILAK.OQ,Communication Services
1541,UNF.N,Industrials
1542,SMG.N,Materials
1543,COLM.OQ,Consumer Discretionary
1544,OTTR.OQ,Utilities
1545,FOE.N,Materials
1546,MBWM.OQ,Financials
1547,ITT.N,Industrials
1548,AAP.N,Consumer Discretionary
1549,TWOU.OQ,Information Technology
1550,XENT.OQ,Health Care
1551,VIAC.OQ,Communication Services
1552,CHTR.OQ,Communication Services
1553,TREC.N,Materials
1554,NTRA.OQ,Health Care
1555,FGEN.OQ,Health Care
1556,SPRO.OQ,Health Care
1557,CRNX.OQ,Health Care
1558,ARTNA.OQ,Utilities
1559,HCKT.OQ,Information Technology
1560,WSM.N,Consumer Discretionary
1561,BPFH.OQ,Financials
1562,AVY.N,Materials
1563,UUUU.A,Energy
1564,PDFS.OQ,Information Technology
1565,Z.OQ,Communication Services
1566,IGT.N,Consumer Discretionary
1567,KNX.N,Industrials
1568,ITCI.OQ,Health Care
1569,LBC.OQ,Financials
1570,PI.OQ,Information Technology
1571,BL.OQ,Information Technology
1572,MRLN.OQ,Financials
1573,NET.N,Information Technology
1574,MD.N,Health Care
1575,GAIA.OQ,Communication Services
1576,TITN.OQ,Industrials
1577,INVA.OQ,Health Care
1578,REYN.OQ,Consumer Staples
1579,SUPN.OQ,Health Care
1580,EIGI.OQ,Information Technology
1581,PRMW.N,Consumer Staples
1582,PRTK.OQ,Health Care
1583,MRVL.OQ,Information Technology
1584,CMG.N,Consumer Discretionary
1585,CDXS.OQ,Health Care
1586,LAND.OQ,Real Estate
1587,HES.N,Energy
1588,CONE.OQ,Real Estate
1589,AFG.N,Financials
1590,UFCS.OQ,Financials
1591,RKT.N,Financials
1592,IDCC.OQ,Information Technology
1593,OSW.OQ,Consumer Discretionary
1594,APA.OQ,Energy
1595,CARS.N,Communication Services
1596,CLI.N,Real Estate
1597,UVSP.OQ,Financials
1598,WY.N,Real Estate
1599,FLT.N,Information Technology
1600,KRG.N,Real Estate
1601,JBL.N,Information Technology
1602,REGN.OQ,Health Care
1603,CCI.N,Real Estate
1604,BKU.N,Financials
1605,A.N,Health Care
1606,DJCO.OQ,Communication Services
1607,RHP.N,Real Estate
1608,CCRN.OQ,Health Care
1609,RICK.OQ,Consumer Discretionary
1610,MFNC.OQ,Financials
1611,GMRE.N,Real Estate
1612,VALU.OQ,Financials
1613,FCEL.OQ,Industrials
1614,OII.N,Energy
1615,FBNC.OQ,Financials
1616,BHLB.N,Financials
1617,TG.N,Materials
1618,FRG.OQ,Consumer Discretionary
1619,NAV.N,Industrials
1620,AVAV.OQ,Industrials
1621,ENPH.OQ,Information Technology
1622,FIVN.OQ,Information Technology
1623,CVLY.OQ,Financials
1624,ABTX.OQ,Financials
1625,PTON.OQ,Consumer Discretionary
1626,COLL.OQ,Health Care
1627,ISEE.OQ,Health Care
1628,DCI.N,Industrials
1629,INDT.OQ,Real Estate
1630,MOGa.N,Industrials
1631,MAR.OQ,Consumer Discretionary
1632,LANC.OQ,Consumer Staples
1633,ARI.N,Financials
1634,UTHR.OQ,Health Care
1635,WH.N,Consumer Discretionary
1636,EBTC.OQ,Financials
1637,HAYN.OQ,Materials
1638,FULT.OQ,Financials
1639,AAON.OQ,Industrials
1640,TUP.N,Consumer Discretionary
1641,TRS.OQ,Industrials
1642,VGR.N,Consumer Staples
1643,FROG.OQ,Information Technology
1644,GDOT.N,Financials
1645,BIPC.N,Utilities
1646,SYKE.OQ,Information Technology
1647,ANIP.OQ,Health Care
1648,ELAN.N,Health Care
1649,HLIT.OQ,Information Technology
1650,PS.OQ,Information Technology
1651,LQDT.OQ,Consumer Discretionary
1652,NWN.N,Utilities
1653,IPG.N,Communication Services
1654,ECPG.OQ,Financials
1655,BLKB.OQ,Information Technology
1656,COFS.OQ,Financials
1657,HMST.OQ,Financials
1658,MPWR.OQ,Information Technology
1659,TXG.OQ,Health Care
1660,IDT.N,Communication Services
1661,IHC.N,Financials
1662,AVIR.OQ,Health Care
1663,SEDG.OQ,Information Technology
1664,SWM.N,Materials
1665,UIHC.OQ,Financials
1666,MPW.N,Real Estate
1667,CGNX.OQ,Information Technology
1668,NBIX.OQ,Health Care
1669,VRM.OQ,Consumer Discretionary
1670,WTM.N,Financials
1671,AAT.N,Real Estate
1672,RLGY.N,Real Estate
1673,CORT.OQ,Health Care
1674,GNK.N,Industrials
1675,CNOB.OQ,Financials
1676,FOXA.OQ,Communication Services
1677,INGR.N,Consumer Staples
1678,EPAM.N,Information Technology
1679,LCI.N,Health Care
1680,DLR.N,Real Estate
1681,O.N,Real Estate
1682,ACIA.OQ,Information Technology
1683,CAMP.OQ,Information Technology
1684,BSX.N,Health Care
1685,CECE.OQ,Industrials
1686,SNA.N,Industrials
1687,GFN.OQ,Industrials
1688,ACCO.N,Industrials
1689,AKRO.OQ,Health Care
1690,IVC.N,Health Care
1691,SRI.N,Consumer Discretionary
1692,BLK.N,Financials
1693,CSTE.OQ,Industrials
1694,RE.N,Financials
1695,TILE.OQ,Industrials
1696,CSTR.OQ,Financials
1697,GTN.N,Communication Services
1698,WK.N,Information Technology
1699,SRE.N,Utilities
1700,CLVS.OQ,Health Care
1701,AMBC.N,Financials
1702,BERY.N,Materials
1703,FMBI.OQ,Financials
1704,AR.N,Energy
1705,LHX.N,Industrials
1706,JOE.N,Real Estate
1707,CRAI.OQ,Industrials
1708,CENTA.OQ,Consumer Staples
1709,AON.N,Financials
1710,AKTS.OQ,Information Technology
1711,APTS.N,Real Estate
1712,ESRT.N,Real Estate
1713,LRCX.OQ,Information Technology
1714,HMSY.OQ,Health Care
1715,SLDB.OQ,Health Care
1716,MTSI.OQ,Information Technology
1717,PLXS.OQ,Information Technology
1718,FN.N,Information Technology
1719,VSH.N,Information Technology
1720,RMBS.OQ,Information Technology
1721,CVLT.OQ,Information Technology
1722,CMRX.OQ,Health Care
1723,HRI.N,Industrials
1724,WWE.N,Communication Services
1725,WAB.N,Industrials
1726,QLYS.OQ,Information Technology
1727,MO.N,Consumer Staples
1728,NWE.OQ,Utilities
1729,SYY.N,Consumer Staples
1730,HCAT.OQ,Health Care
1731,NTRS.OQ,Financials
1732,CNCE.OQ,Health Care
1733,JRVR.OQ,Financials
1734,USFD.N,Consumer Staples
1735,BDTX.OQ,Health Care
1736,IBM.N,Information Technology
1737,TIPT.OQ,Financials
1738,HIFS.OQ,Financials
1739,CTLT.N,Health Care
1740,MET.N,Financials
1741,SNPS.OQ,Information Technology
1742,KURA.OQ,Health Care
1743,VRNS.OQ,Information Technology
1744,SSNC.OQ,Information Technology
1745,ETH.N,Consumer Discretionary
1746,CVCO.OQ,Consumer Discretionary
1747,CDZI.OQ,Utilities
1748,MCY.N,Financials
1749,FANG.OQ,Energy
1750,NBN.OQ,Financials
1751,NGVC.N,Consumer Staples
1752,YORW.OQ,Utilities
1753,FDX.N,Industrials
1754,CNC.N,Health Care
1755,MTN.N,Consumer Discretionary
1756,RDNT.OQ,Health Care
1757,PAYS.OQ,Information Technology
1758,SWKS.OQ,Information Technology
1759,EVFM.OQ,Health Care
1760,BDC.N,Information Technology
1761,BXMT.N,Financials
1762,SEB.A,Consumer Staples
1763,HAIN.OQ,Consumer Staples
1764,WTRH.OQ,Consumer Discretionary
1765,RBBN.OQ,Information Technology
1766,PFIS.OQ,Financials
1767,HCCI.OQ,Industrials
1768,SFNC.OQ,Financials
1769,WTRE.OQ,Financials
1770,HOLX.OQ,Health Care
1771,CSGS.OQ,Information Technology
1772,RHI.N,Industrials
1773,PPBI.OQ,Financials
1774,ATR.N,Materials
1775,SNV.N,Financials
1776,ITRI.OQ,Information Technology
1777,VIVO.OQ,Health Care
1778,NSP.N,Industrials
1779,HONE.OQ,Financials
1780,SBAC.OQ,Real Estate
1781,H.N,Consumer Discretionary
1782,ASIX.N,Materials
1783,TBIO.OQ,Health Care
1784,ARNC.N,Materials
1785,GNSS.OQ,Information Technology
1786,AXON.OQ,Industrials
1787,CPSI.OQ,Health Care
1788,RCKY.OQ,Consumer Discretionary
1789,FSTR.OQ,Industrials
1790,HIBB.OQ,Consumer Discretionary
1791,MTD.N,Health Care
1792,CBOE.Z,Financials
1793,GBIO.OQ,Health Care
1794,OSUR.OQ,Health Care
1795,CCL.N,Consumer Discretionary
1796,IMKTA.OQ,Consumer Staples
1797,IIIN.OQ,Industrials
1798,FLXN.OQ,Health Care
1799,CTAS.OQ,Industrials
1800,HLT.N,Consumer Discretionary
1801,NKSH.OQ,Financials
1802,NRG.N,Utilities
1803,TPIC.OQ,Industrials
1804,CORE.OQ,Consumer Discretionary
1805,IBP.N,Consumer Discretionary
1806,PCTY.OQ,Information Technology
1807,MDLZ.OQ,Consumer Staples
1808,ANIK.OQ,Health Care
1809,BVH.N,Consumer Discretionary
1810,FFIN.OQ,Financials
1811,TCBK.OQ,Financials
1812,FTNT.OQ,Information Technology
1813,SLM.OQ,Financials
1814,TPH.N,Consumer Discretionary
1815,EAF.N,Industrials
1816,RMD.N,Health Care
1817,HOPE.OQ,Financials
1818,CACC.OQ,Financials
1819,BTAI.OQ,Health Care
1820,LNT.OQ,Utilities
1821,BALY.N,Consumer Discretionary
1822,GWRE.N,Information Technology
1823,MXIM.OQ,Information Technology
1824,BLMN.OQ,Consumer Discretionary
1825,VERU.OQ,Consumer Staples
1826,MWA.N,Industrials
1827,BECN.OQ,Industrials
1828,REG.OQ,Real Estate
1829,EXLS.OQ,Information Technology
1830,CIR.N,Industrials
1831,DAR.N,Consumer Staples
1832,SFE.N,Financials
1833,KO.N,Consumer Staples
1834,BWFG.OQ,Financials
1835,MMSI.OQ,Health Care
1836,HY.N,Industrials
1837,YUMC.N,Consumer Discretionary
1838,CAKE.OQ,Consumer Discretionary
1839,UBFO.OQ,Financials
1840,CTBI.OQ,Financials
1841,HLI.N,Financials
1842,PQG.N,Materials
1843,TMX.N,Consumer Discretionary
1844,CSL.N,Industrials
1845,ES.N,Utilities
1846,NXRT.N,Real Estate
1847,NUS.N,Consumer Staples
1848,PCYO.OQ,Utilities
1849,GTHX.OQ,Health Care
1850,LAMR.OQ,Real Estate
1851,NVEE.OQ,Industrials
1852,GPRO.OQ,Consumer Discretionary
1853,CHD.N,Consumer Staples
1854,OGS.N,Utilities
1855,URBN.OQ,Consumer Discretionary
1856,SJM.N,Consumer Staples
1857,IMXI.OQ,Information Technology
1858,IP.N,Materials
1859,PFS.N,Financials
1860,NWBI.OQ,Financials
1861,BLBD.OQ,Industrials
1862,BC.N,Consumer Discretionary
1863,EA.OQ,Communication Services
1864,GLDD.OQ,Industrials
1865,VNT.N,Information Technology
1866,MDU.N,Utilities
1867,PLAB.OQ,Information Technology
1868,GRWG.OQ,Consumer Discretionary
1869,WIRE.OQ,Industrials
1870,CPS.N,Consumer Discretionary
1871,IQV.N,Health Care
1872,DG.N,Consumer Discretionary
1873,INN.N,Real Estate
1874,DOOR.N,Industrials
1875,KW.N,Real Estate
1876,HWM.N,Industrials
1877,ACLS.OQ,Information Technology
1878,ELS.N,Real Estate
1879,BKD.N,Health Care
1880,DXCM.OQ,Health Care
1881,TWTR.N,Communication Services
1882,FR.N,Real Estate
1883,SFBS.OQ,Financials
1884,IIIV.OQ,Information Technology
1885,LW.N,Consumer Staples
1886,CCBG.OQ,Financials
1887,GPI.N,Consumer Discretionary
1888,GLW.N,Information Technology
1889,FBHS.N,Industrials
1890,SKT.N,Real Estate
1891,GPN.N,Information Technology
1892,NOVT.OQ,Information Technology
1893,APPS.OQ,Information Technology
1894,FOLD.OQ,Health Care
1895,BWB.OQ,Financials
1896,PLD.N,Real Estate
1897,STAG.N,Real Estate
1898,COG.N,Energy
1899,DVN.N,Energy
1900,HBCP.OQ,Financials
1901,CFB.OQ,Financials
1902,RAD.N,Consumer Staples
1903,WDC.OQ,Information Technology
1904,BDN.N,Real Estate
1905,IPAR.OQ,Consumer Staples
1906,SHW.N,Materials
1907,ORBC.OQ,Communication Services
1908,ACRE.N,Financials
1909,TTEC.OQ,Information Technology
1910,UCTT.OQ,Information Technology
1911,BLUE.OQ,Health Care
1912,BRP.OQ,Financials
1913,QTRX.OQ,Health Care
1914,MGTA.OQ,Health Care
1915,LNG.A,Energy
1916,SJI.N,Utilities
1917,TT.N,Industrials
1918,VECO.OQ,Information Technology
1919,MMS.N,Information Technology
1920,TBPH.OQ,Health Care
1921,ANAT.OQ,Financials
1922,DOC.N,Real Estate
1923,AMWD.OQ,Industrials
1924,PDCE.OQ,Energy
1925,FCCY.OQ,Financials
1926,MNRL.N,Energy
1927,SKX.N,Consumer Discretionary
1928,TROW.OQ,Financials
1929,WMB.N,Energy
1930,EPZM.OQ,Health Care
1931,TEN.N,Consumer Discretionary
1932,AXNX.OQ,Health Care
1933,PHM.N,Consumer Discretionary
1934,MDT.N,Health Care
1935,SPOK.OQ,Communication Services
1936,RAMP.N,Information Technology
1937,CMO.N,Financials
1938,GOCO.OQ,Financials
1939,APRE.OQ,Health Care
1940,PCVX.OQ,Health Care
1941,OFC.N,Real Estate
1942,FRPT.OQ,Consumer Staples
1943,CPT.N,Real Estate
1944,EIGR.OQ,Health Care
1945,MCB.N,Financials
1946,IMAX.N,Communication Services
1947,TVTY.OQ,Health Care
1948,NVEC.OQ,Information Technology
1949,RJF.N,Financials
1950,SHYF.OQ,Industrials
1951,HI.N,Industrials
1952,MTDR.N,Energy
1953,EIDX.OQ^A21,Health Care
1954,UCBI.OQ,Financials
1955,STAY.OQ,Consumer Discretionary
1956,SPNS.OQ,Information Technology
1957,EVBG.OQ,Information Technology
1958,CTO.N,Real Estate
1959,THC.N,Health Care
1960,TDOC.N,Health Care
1961,PGR.N,Financials
1962,UHT.N,Real Estate
1963,SIG.N,Consumer Discretionary
1964,STRL.OQ,Industrials
1965,IIVI.OQ,Information Technology
1966,ASMB.OQ,Health Care
1967,CTS.N,Information Technology
1968,AZO.N,Consumer Discretionary
1969,OSIS.OQ,Information Technology
1970,ITOS.OQ,Health Care
1971,RBC.N,Industrials
1972,CRMD.OQ,Health Care
1973,KE.OQ,Information Technology
1974,SANM.OQ,Information Technology
1975,NKTR.OQ,Health Care
1976,TNDM.OQ,Health Care
1977,ESNT.N,Financials
1978,TDC.N,Information Technology
1979,ZBH.N,Health Care
1980,AXL.N,Consumer Discretionary
1981,NDLS.OQ,Consumer Discretionary
1982,MGM.N,Consumer Discretionary
1983,EGAN.OQ,Information Technology
1984,OXM.N,Consumer Discretionary
1985,BSRR.OQ,Financials
1986,NTCT.OQ,Information Technology
1987,ACEL.N,Consumer Discretionary
1988,SWK.N,Industrials
1989,BCEL.OQ,Health Care
1990,VYGR.OQ,Health Care
1991,CPRI.N,Consumer Discretionary
1992,PRLB.N,Industrials
1993,FOXF.OQ,Consumer Discretionary
1994,ATKR.N,Industrials
1995,NGVT.N,Materials
1996,PGNY.OQ,Health Care
1997,AIR.N,Industrials
1998,APYX.OQ,Health Care
1999,PINS.N,Communication Services
2000,TCDA.OQ,Health Care
2001,SPOT.N,Communication Services
2002,CPRX.OQ,Health Care
2003,TSCO.OQ,Consumer Discretionary
2004,DCPH.OQ,Health Care
2005,BELFB.OQ,Information Technology
2006,RNR.N,Financials
2007,SCWX.OQ,Information Technology
2008,RF.N,Financials
2009,TGI.N,Industrials
2010,BR.N,Information Technology
2011,HURC.OQ,Industrials
2012,MCRB.OQ,Health Care
2013,LUNG.OQ,Health Care
2014,CBSH.OQ,Financials
2015,PSN.N,Industrials
2016,RGEN.OQ,Health Care
2017,KRYS.OQ,Health Care
2018,SMPL.OQ,Consumer Staples
2019,HLF.N,Consumer Staples
2020,OSK.N,Industrials
2021,CZNC.OQ,Financials
2022,GE.N,Industrials
2023,FWONA.OQ,Communication Services
2024,FIT.N^A21,Information Technology
2025,BFC.OQ,Financials
2026,BFC.OQ,Financials
2027,VIAV.OQ,Information Technology
2028,ALGM.OQ,Information Technology
2029,KDP.OQ,Consumer Staples
2030,MTSC.OQ,Information Technology
2031,PETQ.OQ,Health Care
2032,CTRE.OQ,Real Estate
2033,ONB.OQ,Financials
2034,VPG.N,Information Technology
2035,JCOM.OQ,Information Technology
2036,OEC.N,Materials
2037,AMTI.OQ,Health Care
2038,KTOS.OQ,Industrials
2039,BIGC.OQ,Information Technology
2040,ORC.N,Financials
2041,ACGL.OQ,Financials
2042,SHAK.N,Consumer Discretionary
2043,MTRN.N,Materials
2044,PJT.N,Financials
2045,BNFT.OQ,Information Technology
2046,ADES.OQ,Materials
2047,FRME.OQ,Financials
2048,AGNC.OQ,Financials
2049,STOR.N,Real Estate
2050,ORA.N,Utilities
2051,FLNT.OQ,Communication Services
2052,SEE.N,Materials
2053,SBNY.OQ,Financials
2054,DY.N,Industrials
2055,CWST.OQ,Industrials
2056,NVCR.OQ,Health Care
2057,ERII.OQ,Industrials
2058,USCR.OQ,Materials
2059,NATR.OQ,Consumer Staples
2060,SRRK.OQ,Health Care
2061,XHR.N,Real Estate
2062,WING.OQ,Consumer Discretionary
2063,HMTV.OQ,Communication Services
2064,ADPT.OQ,Health Care
2065,NATH.OQ,Consumer Discretionary
2066,TRTN.N,Industrials
2067,UTMD.OQ,Health Care
2068,VRT.N,Industrials
2069,CRWD.OQ,Information Technology
2070,FLOW.N,Industrials
2071,ANDE.OQ,Consumer Staples
2072,URGN.OQ,Health Care
2073,BHB.A,Financials
2074,RWT.N,Financials
2075,RDUS.OQ,Health Care
2076,CNK.N,Communication Services
2077,CARG.OQ,Communication Services
2078,COHR.OQ,Information Technology
2079,AAIC.N,Financials
2080,ILPT.OQ,Real Estate
2081,BAX.N,Health Care
2082,DMRC.OQ,Information Technology
2083,PARR.N,Energy
2084,MLHR.OQ,Industrials
2085,GFF.N,Industrials
2086,PYPL.OQ,Information Technology
2087,LL.N,Consumer Discretionary
2088,AYX.N,Information Technology
2089,PB.N,Financials
2090,BSIG.N,Financials
2091,SUM.N,Materials
2092,BANC.N,Financials
2093,SLAB.OQ,Information Technology
2094,TPRE.N,Financials
2095,NCR.N,Information Technology
2096,EQR.N,Real Estate
2097,ZBRA.OQ,Information Technology
2098,ETN.N,Industrials
2099,HOMB.OQ,Financials
2100,DRI.N,Consumer Discretionary
2101,LEVL.OQ,Financials
2102,MAT.OQ,Consumer Discretionary
2103,CMP.N,Materials
2104,VAPO.N,Health Care
2105,SNR.N,Real Estate
2106,SNCR.OQ,Information Technology
2107,VRRM.OQ,Information Technology
2108,BRC.N,Industrials
2109,OBNK.OQ,Financials
2110,WPX.N^A21,Energy
2111,GM.N,Consumer Discretionary
2112,FRTA.OQ,Materials
2113,AMZN.OQ,Consumer Discretionary
2114,PRVB.OQ,Health Care
2115,UBX.OQ,Health Care
2116,SPR.N,Industrials
2117,PTVE.OQ,Materials
2118,ITGR.N,Health Care
2119,BOKF.OQ,Financials
2120,DGX.N,Health Care
2121,KBAL.OQ,Industrials
2122,LGIH.OQ,Consumer Discretionary
2123,MANH.OQ,Information Technology
2124,LAZ.N,Financials
2125,L.N,Financials
2126,PE.N^A21,Energy
2127,THS.N,Consumer Staples
2128,SSD.N,Industrials
2129,EBAY.OQ,Consumer Discretionary
2130,NXGN.OQ,Health Care
2131,QCRH.OQ,Financials
2132,VIR.OQ,Health Care
2133,MKL.N,Financials
2134,IDA.N,Utilities
2135,PRVL.OQ^A21,Health Care
2136,CUE.OQ,Health Care
2137,W.N,Consumer Discretionary
2138,AWR.N,Utilities
2139,ELOX.OQ,Health Care
2140,ORRF.OQ,Financials
2141,TW.OQ,Financials
2142,CL.N,Consumer Staples
2143,GBT.OQ,Health Care
2144,LMT.N,Industrials
2145,LSTR.OQ,Industrials
2146,MEI.N,Information Technology
2147,CONN.OQ,Consumer Discretionary
2148,BBSI.OQ,Industrials
2149,FDP.N,Consumer Staples
2150,CLW.N,Materials
2151,RUSHA.OQ,Industrials
2152,GABC.OQ,Financials
2153,LGFb.N,Communication Services
2154,PGC.OQ,Financials
2155,AGIO.OQ,Health Care
2156,UFPT.OQ,Materials
2157,QRTEA.OQ,Consumer Discretionary
2158,CCB.OQ,Financials
2159,TEAM.OQ,Information Technology
2160,SDGR.OQ,Health Care
2161,GWW.N,Industrials
2162,DNOW.N,Industrials
2163,UIS.N,Information Technology
2164,ADUS.OQ,Health Care
2165,CRSR.OQ,Information Technology
2166,ADSK.OQ,Information Technology
2167,OPRX.OQ,Health Care
2168,COP.N,Energy
2169,TFC.N,Financials
2170,AGEN.OQ,Health Care
2171,ZION.OQ,Financials
2172,HRTG.N,Financials
2173,PDCO.OQ,Health Care
2174,TSE.N,Materials
2175,ALBO.OQ,Health Care
2176,NHC.A,Health Care
2177,EVLO.OQ,Health Care
2178,VRTV.N,Industrials
2179,REXR.N,Real Estate
2180,VBIV.OQ,Health Care
2181,OOMA.N,Communication Services
2182,TCS.N,Consumer Discretionary
2183,VSTO.N,Consumer Discretionary
2184,ALEC.OQ,Health Care
2185,TMHC.N,Consumer Discretionary
2186,ATRI.OQ,Health Care
2187,IBTX.OQ,Financials
2188,HLX.N,Energy
2189,OZK.OQ,Financials
2190,TRHC.OQ,Health Care
2191,JWN.N,Consumer Discretionary
2192,NTB.N,Financials
2193,FIX.N,Industrials
2194,HTLF.OQ,Financials
2195,U.N,Information Technology
2196,SONA.OQ,Financials
2197,AMEH.OQ,Health Care
2198,DRRX.OQ,Health Care
2199,RYI.N,Materials
2200,HEI.N,Industrials
2201,TOWN.OQ,Financials
2202,CVM.A,Health Care
2203,TAST.OQ,Consumer Discretionary
2204,OVID.OQ,Health Care
2205,WABC.OQ,Financials
2206,TRUP.OQ,Financials
2207,ARE.N,Real Estate
2208,TXRH.OQ,Consumer Discretionary
2209,INSM.OQ,Health Care
2210,FSS.N,Industrials
2211,CEVA.OQ,Information Technology
2212,PKE.N,Industrials
2213,EWBC.OQ,Financials
2214,WSO.N,Industrials
2215,PEB.N,Real Estate
2216,WLK.N,Materials
2217,WSFS.OQ,Financials
2218,PPL.N,Utilities
2219,BMRC.OQ,Financials
2220,ETR.N,Utilities
2221,PRPL.OQ,Consumer Discretionary
2222,AAN.N,Consumer Discretionary
2223,KIDS.OQ,Health Care
2224,SMP.N,Consumer Discretionary
2225,ON.OQ,Information Technology
2226,INSW.N,Energy
2227,OTRK.OQ,Health Care
2228,RCM.OQ,Health Care
2229,CASS.OQ,Information Technology
2230,MNST.OQ,Consumer Staples
2231,INGN.OQ,Health Care
2232,ARGO.N,Financials
2233,MRO.N,Energy
2234,HZO.N,Consumer Discretionary
2235,EXP.N,Materials
2236,NLTX.OQ,Health Care
2237,HUM.N,Health Care
2238,GRMN.OQ,Consumer Discretionary
2239,RIG.N,Energy
2240,AWH.OQ,Health Care
2241,BBY.N,Consumer Discretionary
2242,NG.A,Materials
2243,THG.N,Financials
2244,BA.N,Industrials
2245,CAH.N,Health Care
2246,SITC.N,Real Estate
2247,NC.N,Energy
2248,BOCH.OQ,Financials
2249,BY.N,Financials
2250,MATX.N,Industrials
2251,PROS.N,Financials
2252,DTE.N,Utilities
2253,SNDR.N,Industrials
2254,ELF.N,Consumer Staples
2255,CATM.OQ,Information Technology
2256,POWI.OQ,Information Technology
2257,CPF.N,Financials
2258,ANET.N,Information Technology
2259,ALEX.N,Real Estate
2260,LLY.N,Health Care
2261,IART.OQ,Health Care
2262,AMRX.N,Health Care
2263,DOW.N,Materials
2264,NWS.OQ,Communication Services
2265,RPM.N,Materials
2266,DORM.OQ,Consumer Discretionary
2267,TRMK.OQ,Financials
2268,CE.N,Materials
2269,ADVM.OQ,Health Care
2270,EPR.N,Real Estate
2271,SNDX.OQ,Health Care
2272,HFC.N,Energy
2273,UFS.N,Materials
2274,BOH.N,Financials
2275,INFO.N,Industrials
2276,MRTN.OQ,Industrials
2277,LFUS.OQ,Information Technology
2278,FAF.N,Financials
2279,FLMN.OQ,Energy
2280,IHRT.OQ,Communication Services
2281,AVB.N,Real Estate
2282,AMG.N,Financials
2283,ETM.N,Communication Services
2284,BFAM.N,Consumer Discretionary
2285,STNE.OQ,Information Technology
2286,RVI.N,Real Estate
2287,TWNK.OQ,Consumer Staples
2288,SHOO.OQ,Consumer Discretionary
2289,BFIN.OQ,Financials
2290,CLXT.OQ,Health Care
2291,BH.N,Consumer Discretionary
2292,BNL.N,Real Estate
2293,CAI.N,Industrials
2294,NVST.N,Health Care
2295,EXAS.OQ,Health Care
2296,SFIX.OQ,Consumer Discretionary
2297,ABM.N,Industrials
2298,IDXX.OQ,Health Care
2299,PBF.N,Energy
2300,SIBN.OQ,Health Care
2301,CHMI.N,Financials
2302,PETS.OQ,Consumer Discretionary
2303,AVID.OQ,Information Technology
2304,BCO.N,Industrials
2305,VLY.OQ,Financials
2306,RGCO.OQ,Utilities
2307,AC.N,Financials
2308,URI.N,Industrials
2309,MIME.OQ,Information Technology
2310,SMBC.OQ,Financials
2311,ALK.N,Industrials
2312,WDFC.OQ,Consumer Staples
2313,POR.N,Utilities
2314,TBNK.OQ,Financials
2315,PM.N,Consumer Staples
2316,MTRX.OQ,Industrials
2317,LTHM.N,Materials
2318,BPOP.OQ,Financials
2319,CYBE.OQ,Information Technology
2320,VEC.N,Industrials
2321,PNM.N,Utilities
2322,QUAD.N,Industrials
2323,MRSN.OQ,Health Care
2324,FSLY.N,Information Technology
2325,XLRN.OQ,Health Care
2326,SRCE.OQ,Financials
2327,RGA.N,Financials
2328,CWEN.N,Utilities
2329,TOL.N,Consumer Discretionary
2330,TELL.OQ,Energy
2331,CTB.N,Consumer Discretionary
2332,AMAT.OQ,Information Technology
2333,FWONK.OQ,Communication Services
2334,FVCB.OQ,Financials
2335,ISTR.OQ,Financials
2336,HOFT.OQ,Consumer Discretionary
2337,BAC.N,Financials
2338,HEES.OQ,Industrials
2339,ACBI.OQ,Financials
2340,SONO.OQ,Consumer Discretionary
2341,ARR.N,Financials
2342,GNMK.OQ,Health Care
2343,MOS.N,Materials
2344,CNST.OQ,Health Care
2345,SCHW.N,Financials
2346,CIA.N,Financials
2347,NCLH.N,Consumer Discretionary
2348,ANTM.N,Health Care
2349,BKH.N,Utilities
2350,SATS.OQ,Information Technology
2351,IVR.N,Financials
2352,HSTM.OQ,Health Care
2353,RGNX.OQ,Health Care
2354,EVOP.OQ,Information Technology
2355,GTYH.OQ,Information Technology
2356,PEGA.OQ,Information Technology
2357,BJRI.OQ,Consumer Discretionary
2358,FRBA.OQ,Financials
2359,VERI.OQ,Information Technology
2360,ADBE.OQ,Information Technology
2361,FSBW.OQ,Financials
2362,MAN.N,Industrials
2363,TLYS.N,Consumer Discretionary
2364,XERS.OQ,Health Care
2365,KELYA.OQ,Industrials
2366,SAFM.OQ,Consumer Staples
2367,KVHI.OQ,Information Technology
2368,NSIT.OQ,Information Technology
2369,HTBK.OQ,Financials
2370,ROAD.OQ,Industrials
2371,AGLE.OQ,Health Care
2372,NSC.N,Industrials
2373,GRC.N,Industrials
2374,SM.N,Energy
2375,OCUL.OQ,Health Care
2376,UFI.N,Consumer Discretionary
2377,GCBC.OQ,Financials
2378,DRE.N,Real Estate
2379,EGOV.OQ,Information Technology
2380,FREQ.OQ,Health Care
2381,FBC.N,Financials
2382,NOV.N,Energy
2383,RCKT.OQ,Health Care
2384,PCAR.OQ,Industrials
2385,ARVN.OQ,Health Care
2386,OSG.N,Energy
2387,LZB.N,Consumer Discretionary
2388,GDDY.N,Information Technology
2389,WINA.OQ,Consumer Discretionary
2390,FRO.N,Energy
2391,LASR.OQ,Information Technology
2392,IOSP.OQ,Materials
2393,UTL.N,Utilities
2394,CMPR.OQ,Industrials
2395,COWN.OQ,Financials
2396,STZ.N,Consumer Staples
2397,SQ.N,Information Technology
2398,ETSY.OQ,Consumer Discretionary
2399,CUTR.OQ,Health Care
2400,SXI.N,Industrials
2401,NWFL.OQ,Financials
2402,BRKL.OQ,Financials
2403,VTRS.OQ,Health Care
2404,PLSE.OQ,Health Care
2405,LHCG.OQ,Health Care
2406,INTU.OQ,Information Technology
2407,MKC.N,Consumer Staples
2408,MOD.N,Consumer Discretionary
2409,CUZ.N,Real Estate
2410,ATGE.N,Consumer Discretionary
2411,BBBY.OQ,Consumer Discretionary
2412,CPK.N,Utilities
2413,KEYS.N,Information Technology
2414,EQIX.OQ,Real Estate
2415,CRS.N,Materials
2416,SLP.OQ,Health Care
2417,COST.OQ,Consumer Staples
2418,DIS.N,Communication Services
2419,SGMO.OQ,Health Care
2420,FIXX.OQ,Health Care
2421,DELL.N,Information Technology
2422,DCOM.OQ^A21,Financials
2423,EXR.N,Real Estate
2424,BYSI.OQ,Health Care
2425,HRB.N,Consumer Discretionary
2426,DX.N,Financials
2427,BTU.N,Energy
2428,PNW.N,Utilities
2429,LITE.OQ,Information Technology
2430,ITIC.OQ,Financials
2431,FL.N,Consumer Discretionary
2432,HVT.N,Consumer Discretionary
2433,EXPE.OQ,Consumer Discretionary
2434,BRY.OQ,Energy
2435,LGFa.N,Communication Services
2436,IT.N,Information Technology
2437,MDRX.OQ,Health Care
2438,COO.N,Health Care
2439,CXO.N^A21,Energy
2440,ASC.N,Energy
2441,USX.N,Industrials
2442,HASI.N,Financials
2443,PEBO.OQ,Financials
2444,B.N,Industrials
2445,LORL.OQ,Communication Services
2446,LVS.N,Consumer Discretionary
2447,CVA.N,Industrials
2448,WWW.N,Consumer Discretionary
2449,MTG.N,Financials
2450,SPTN.OQ,Consumer Staples
2451,TTWO.OQ,Communication Services
2452,ZS.OQ,Information Technology
2453,TDY.N,Industrials
2454,XFOR.OQ,Health Care
2455,VFC.N,Consumer Discretionary
2456,ASGN.N,Industrials
2457,J.N,Industrials
2458,CHRW.OQ,Industrials
2459,GWRS.OQ,Utilities
2460,FB.OQ,Communication Services
2461,AUB.OQ,Financials
2462,SCSC.OQ,Information Technology
2463,UMPQ.OQ,Financials
2464,DRH.N,Real Estate
2465,KNSA.OQ,Health Care
2466,GCO.N,Consumer Discretionary
2467,IBCP.OQ,Financials
2468,BAND.OQ,Communication Services
2469,MATW.OQ,Industrials
2470,SWAV.OQ,Health Care
2471,TENB.OQ,Information Technology
2472,SAGE.OQ,Health Care
2473,BZH.N,Consumer Discretionary
2474,AZZ.N,Industrials
2475,SLQT.N,Financials
2476,BOOM.OQ,Energy
2477,WTTR.N,Energy
2478,RAVN.OQ,Industrials
2479,CCNE.OQ,Financials
2480,EPAY.OQ,Information Technology
2481,BLX.N,Financials
2482,CNR.N,Industrials
2483,RETA.OQ,Health Care
2484,FORR.OQ,Industrials
2485,RDFN.OQ,Real Estate
2486,CNDT.OQ,Information Technology
2487,PPG.N,Materials
2488,GTY.N,Real Estate
2489,MGRC.OQ,Industrials
2490,SPKE.OQ,Utilities
2491,EMR.N,Industrials
2492,UNP.N,Industrials
2493,PFBI.OQ,Financials
2494,PEG.N,Utilities
2495,GNTY.OQ,Financials
2496,GHL.N,Financials
2497,JBT.N,Industrials
2498,HBT.OQ,Financials
2499,DEI.N,Real Estate
2500,KN.N,Information Technology
2501,DHI.N,Consumer Discretionary
2502,HCC.N,Materials
2503,ATI.N,Materials
2504,MCBS.OQ,Financials
2505,CMI.N,Industrials
2506,DISCA.OQ,Communication Services
2507,ATRA.OQ,Health Care
2508,BMY.N,Health Care
2509,AYI.N,Industrials
2510,AX.N,Financials
2511,CNMD.N,Health Care
2512,WEN.OQ,Consumer Discretionary
2513,FRT.N,Real Estate
2514,JBGS.N,Real Estate
2515,GSBC.OQ,Financials
2516,TNET.N,Industrials
2517,IVZ.N,Financials
2518,SWTX.OQ,Health Care
2519,PRK.A,Financials
2520,TCFC.OQ,Financials
2521,MOH.N,Health Care
2522,VLGEA.OQ,Consumer Staples
2523,ZIXI.OQ,Information Technology
2524,PRG.N,Financials
2525,CSR.N,Real Estate
2526,TYL.N,Information Technology
2527,SNEX.OQ,Financials
2528,RXN.N,Industrials
2529,MPB.OQ,Financials
2530,SKYW.OQ,Industrials
2531,DCT.OQ,Information Technology
2532,GRBK.OQ,Consumer Discretionary
2533,SAVE.N,Industrials
2534,CERN.OQ,Health Care
2535,IGMS.OQ,Health Care
2536,EXPR.N,Consumer Discretionary
2537,DBI.N,Consumer Discretionary
2538,ADT.N,Industrials
2539,CHGG.N,Consumer Discretionary
2540,KFY.N,Industrials
2541,QNST.OQ,Communication Services
2542,QTWO.N,Information Technology
2543,DHC.OQ,Real Estate
2544,CRMT.OQ,Consumer Discretionary
2545,Y.N,Financials
2546,CPB.N,Consumer Staples
2547,MRC.N,Industrials
2548,NYT.N,Communication Services
2549,SAFT.OQ,Financials
2550,DOV.N,Industrials
2551,RGP.OQ,Industrials
2552,RH.N,Consumer Discretionary
2553,CUBI.N,Financials
2554,WEYS.OQ,Consumer Discretionary
2555,BKNG.OQ,Consumer Discretionary
2556,AT.N,Utilities
2557,FFG.N,Financials
2558,SBCF.OQ,Financials
2559,K.N,Consumer Staples
2560,RES.N,Energy
2561,ATRO.OQ,Industrials
2562,MSEX.OQ,Utilities
2563,KBH.N,Consumer Discretionary
2564,CTXS.OQ,Information Technology
2565,HELE.OQ,Consumer Discretionary
2566,HQY.OQ,Health Care
2567,BLD.N,Consumer Discretionary
2568,HIG.N,Financials
2569,TKR.N,Industrials
2570,VRA.OQ,Consumer Discretionary
2571,MNKD.OQ,Health Care
2572,KRC.N,Real Estate
2573,PPC.OQ,Consumer Staples
2574,LPX.N,Materials
2575,F.N,Consumer Discretionary
2576,FLWS.OQ,Consumer Discretionary
2577,CME.OQ,Financials
2578,HPQ.N,Information Technology
2579,SGEN.OQ,Health Care
2580,NRC.OQ,Health Care
2581,RPRX.OQ,Health Care
2582,CMC.N,Materials
2583,TPR.N,Consumer Discretionary
2584,AEIS.OQ,Information Technology
2585,LTRPA.OQ,Communication Services
2586,GPMT.N,Financials
2587,EXEL.OQ,Health Care
2588,AGO.N,Financials
2589,LFVN.OQ,Consumer Staples
2590,HAS.OQ,Consumer Discretionary
2591,MMI.N,Real Estate
2592,DT.N,Information Technology
2593,EVC.N,Communication Services
2594,CHNG.OQ,Health Care
2595,RVNC.OQ,Health Care
2596,LXFR.N,Industrials
2597,PUMP.N,Energy
2598,MPC.N,Energy
2599,SPNE.OQ,Health Care
2600,KFRC.OQ,Industrials
2601,DVAX.OQ,Health Care
2602,BAH.N,Information Technology
2603,HCA.N,Health Care
2604,HALO.OQ,Health Care
2605,BRKb.N,Financials
2606,AXTA.N,Materials
2607,LECO.OQ,Industrials
2608,MSP.N,Information Technology
2609,PICO.OQ,Industrials
2610,CB.N,Financials
2611,CMRE.N,Industrials
2612,WFC.N,Financials
2613,CHRS.OQ,Health Care
2614,NBTB.OQ,Financials
2615,AEE.N,Utilities
2616,HBNC.OQ,Financials
2617,HMN.N,Financials
2618,CAT.N,Industrials
2619,SPSC.OQ,Information Technology
2620,STLD.OQ,Materials
2621,TWLO.N,Information Technology
2622,QDEL.OQ,Health Care
2623,STRA.OQ,Consumer Discretionary
2624,OKE.N,Energy
2625,SRG.N,Real Estate
2626,UNVR.N,Industrials
2627,ARQT.OQ,Health Care
2628,SENEA.OQ,Consumer Staples
2629,WRI.N,Real Estate
2630,INT.N,Energy
2631,PLUS.OQ,Information Technology
2632,DGII.OQ,Information Technology
2633,GTLS.N,Industrials
2634,MGLN.OQ,Health Care
2635,EW.N,Health Care
2636,NNN.N,Real Estate
2637,ALTA.OQ,Financials
2638,CLGX.N,Industrials
2639,UVV.N,Consumer Staples
2640,INVH.N,Real Estate
2641,YELP.N,Communication Services
2642,KR.N,Consumer Staples
2643,CADE.N,Financials
2644,PGTI.N,Industrials
2645,TRV.N,Financials
2646,MNOV.OQ,Health Care
2647,EBF.N,Industrials
2648,AWI.N,Industrials
2649,WSBF.OQ,Financials
2650,NLSN.N,Industrials
2651,OPK.OQ,Health Care
2652,SKY.N,Consumer Discretionary
2653,MDP.N,Communication Services
2654,SSTI.OQ,Information Technology
2655,KBR.N,Information Technology
2656,MS.N,Financials
2657,INDB.OQ,Financials
2658,SLGN.OQ,Materials
2659,SCU.N,Financials
2660,AM.N,Energy
2661,NEE.N,Utilities
2662,SIGA.OQ,Health Care
2663,TFX.N,Health Care
2664,EBIX.OQ,Information Technology
2665,TGH.N,Industrials
2666,ALVR.OQ,Health Care
2667,MSFT.OQ,Information Technology
2668,MCRI.OQ,Consumer Discretionary
2669,TRIP.OQ,Communication Services
2670,CARA.OQ,Health Care
2671,RGS.N,Consumer Discretionary
2672,SLCT.OQ,Financials
2673,GNL.N,Real Estate
2674,STNG.N,Energy
2675,IPI.N,Materials
2676,VC.OQ,Consumer Discretionary
2677,NESR.OQ,Energy
2678,SMAR.N,Information Technology
2679,BK.N,Financials
2680,CCS.N,Consumer Discretionary
2681,GOOD.OQ,Real Estate
2682,TPCO.OQ,Communication Services
2683,GMED.N,Health Care
2684,ICUI.OQ,Health Care
2685,CRL.N,Health Care
2686,ACA.N,Industrials
2687,MGNX.OQ,Health Care
2688,CBRE.N,Real Estate
2689,MRNS.OQ,Health Care
2690,JKHY.OQ,Information Technology
2691,CEIX.N,Energy
2692,PTVCB.OQ,Financials
2693,SPPI.OQ,Health Care
2694,UNH.N,Health Care
2695,FNLC.OQ,Financials
2696,ARDX.OQ,Health Care
2697,NI.N,Utilities
2698,GTT.N,Information Technology
2699,CPRT.OQ,Industrials
2700,TXN.OQ,Information Technology
2701,GNTX.OQ,Consumer Discretionary
2702,KREF.N,Financials
2703,FUL.N,Materials
2704,AIG.N,Financials
2705,WHD.N,Energy
2706,LAUR.OQ,Consumer Discretionary
2707,UNTY.OQ,Financials
2708,SIVB.OQ,Financials
2709,ANSS.OQ,Information Technology
2710,OHI.N,Real Estate
2711,MDGL.OQ,Health Care
2712,COF.N,Financials
2713,DHT.N,Energy
2714,BOX.N,Information Technology
2715,VEEV.N,Health Care
2716,SIRI.OQ,Communication Services
2717,RXT.OQ,Information Technology
2718,EVH.N,Health Care
2719,BXS.N,Financials
2720,PBI.N,Industrials
2721,CBRL.OQ,Consumer Discretionary
2722,BATRK.OQ,Communication Services
2723,EHTH.OQ,Financials
2724,WASH.OQ,Financials
2725,NWLI.OQ,Financials
2726,GSKY.OQ,Information Technology
2727,STXB.OQ,Financials
2728,AOSL.OQ,Information Technology
2729,FRAF.OQ,Financials
2730,RTX.N,Industrials
2731,WEC.N,Utilities
2732,PLUG.OQ,Industrials
2733,KKR.N,Financials
2734,AMAL.OQ,Financials
2735,TECH.OQ,Health Care
2736,BOMN.OQ,Communication Services
2737,CASI.OQ,Health Care
2738,WU.N,Information Technology
2739,CHDN.OQ,Consumer Discretionary
2740,KRO.N,Materials
2741,PAE.OQ,Industrials
2742,ANGO.OQ,Health Care
2743,DHX.N,Communication Services
2744,BCRX.OQ,Health Care
2745,VMW.N,Information Technology
2746,ADM.N,Consumer Staples
2747,MVBF.OQ,Financials
2748,POST.N,Consumer Staples
2749,USPH.N,Health Care
2750,IMGN.OQ,Health Care
2751,PMT.N,Financials
2752,STC.N,Financials
2753,FNHC.OQ,Financials
2754,WAT.N,Health Care
2755,AA.N,Materials
2756,ZM.OQ,Information Technology
2757,JAZZ.OQ,Health Care
2758,ASUR.OQ,Information Technology
2759,CLNE.OQ,Energy
2760,CACI.N,Information Technology
2761,TMP.A,Financials
2762,WMC.N,Financials
2763,FHN.N,Financials
2764,AVXL.OQ,Health Care
2765,ALLK.OQ,Health Care
2766,CLFD.OQ,Information Technology
2767,GNRC.N,Industrials
2768,INFU.A,Health Care
2769,WLDN.OQ,Industrials
2770,MCBC.OQ,Financials
2771,MRCY.OQ,Industrials
2772,HTH.N,Financials
2773,AGYS.OQ,Information Technology
2774,ICPT.OQ,Health Care
2775,EFSC.OQ,Financials
2776,PBCT.OQ,Financials
2777,PRI.N,Financials
2778,RCUS.N,Health Care
2779,AMOT.OQ,Industrials
2780,JWa.N,Communication Services
2781,DAKT.OQ,Information Technology
2782,JLL.N,Real Estate
2783,EVER.OQ,Communication Services
2784,HWKN.OQ,Materials
2785,HAE.N,Health Care
2786,WGO.N,Consumer Discretionary
2787,ALX.N,Real Estate
2788,MLI.N,Industrials
2789,FRGI.OQ,Consumer Discretionary
2790,GORO.A,Materials
2791,DLB.N,Information Technology
2792,CKH.N,Industrials
2793,EQBK.OQ,Financials
2794,IESC.OQ,Industrials
2795,EMN.N,Materials
2796,NEU.N,Materials
2797,JAMF.OQ,Information Technology
2798,ALLO.OQ,Health Care
2799,ZGNX.OQ,Health Care
2800,AEGN.OQ,Industrials
2801,CYCN.OQ,Health Care
2802,FHI.N,Financials
2803,EPAC.N,Industrials
2804,PEBK.OQ,Financials
2805,BXP.N,Real Estate
2806,MU.OQ,Information Technology
2807,MGPI.OQ,Consumer Staples
2808,M.N,Consumer Discretionary
2809,MNRO.OQ,Consumer Discretionary
2810,LKQ.OQ,Consumer Discretionary
2811,CDMO.OQ,Health Care
2812,VRAY.OQ,Health Care
2813,BRO.N,Financials
2814,FLIC.OQ,Financials
2815,TMST.N,Materials
2816,ESPR.OQ,Health Care
2817,C.N,Financials
2818,MTEM.OQ,Health Care
2819,THR.N,Industrials
2820,LXP.N,Real Estate
2821,CSV.N,Consumer Discretionary
2822,PRGS.OQ,Information Technology
2823,LC.N,Financials
2824,INCY.OQ,Health Care
2825,LSCC.OQ,Information Technology
2826,FEYE.OQ,Information Technology
2827,AMKR.OQ,Information Technology
2828,GHM.N,Industrials
2829,SAH.N,Consumer Discretionary
2830,WTBA.OQ,Financials
2831,OFIX.OQ,Health Care
2832,ESE.N,Industrials
2833,EXPD.OQ,Industrials
2834,WAL.N,Financials
2835,VAC.N,Consumer Discretionary
2836,EGP.N,Real Estate
2837,MTX.N,Materials
2838,NCBS.OQ,Financials
2839,MIDD.OQ,Industrials
2840,DNLI.OQ,Health Care
2841,FNWB.OQ,Financials
2842,KAMN.N,Industrials
2843,STEP.OQ,Financials
2844,SHBI.OQ,Financials
2845,PCSB.OQ,Financials
2846,NUVA.OQ,Health Care
2847,ATVI.OQ,Communication Services
2848,SJW.N,Utilities
2849,CATY.OQ,Financials
2850,HXL.N,Industrials
2851,R.N,Industrials
2852,PKG.N,Materials
2853,KRTX.OQ,Health Care
